id,second_name,first_name,value_season,value_form,form,total_points,points_per_game,team,team_code,in_dreamteam,now_cost,event_points,chance_of_playing_next_round,code,dreamteam_count,element_type,goals_scored,assists,clean_sheets,goals_conceded,own_goals,penalties_saved,penalties_missed,yellow_cards,red_cards,saves,bonus,bps,influence,creativity,threat,ict_index,position
302,Borges Fernandes,Bruno Miguel,12.5,0.4,4.7,142,7.1,Man Utd,1,True,114,2,,141746,6,3,11,9,6,22,0,0,1,4,0,0,22,514,776.0,859.9,710.0,234.8,MID
388,Kane,Harry,12.6,0.6,7.2,142,7.9,Spurs,6,True,113,0,100.0,78830,6,4,12,11,6,16,0,0,0,1,0,0,26,513,763.4,371.1,790.0,192.4,FWD
390,Son,Heung-Min,14.3,0.5,5.0,139,7.7,Spurs,6,True,97,0,100.0,85971,7,3,12,6,8,11,0,0,0,0,0,0,18,436,639.2,494.7,598.0,173.5,MID
254,Salah,Mohamed,10.3,0.1,1.8,129,7.2,Liverpool,14,True,125,0,100.0,118748,3,3,13,4,5,21,0,0,0,0,0,0,13,383,616.8,441.0,896.0,195.3,MID
224,Vardy,Jamie,11.6,0.2,2.2,116,6.4,Leicester,13,True,100,0,0.0,101668,4,4,11,8,6,19,0,0,1,1,0,0,17,412,527.8,183.3,762.0,147.4,FWD
37,Grealish,Jack,14.7,0.8,5.8,113,6.3,Aston Villa,7,True,77,8,,114283,2,3,6,10,9,21,0,0,0,4,0,0,12,440,597.6,837.4,811.0,224.4,MID
202,Bamford,Patrick,15.5,0.5,3.2,104,5.5,Leeds,2,True,67,1,,106617,2,4,10,5,6,33,0,0,0,1,0,0,13,332,433.8,124.9,878.0,143.5,FWD
141,Zaha,Wilfried,13.8,0.4,3.2,99,5.8,Crystal Palace,31,False,72,7,100.0,82403,3,3,9,3,3,29,0,0,0,3,0,0,11,251,412.4,240.6,677.0,133.1,MID
506,Wilson,Callum,14.7,0.4,2.5,97,5.4,Newcastle,4,False,66,5,100.0,75115,2,4,8,5,4,28,0,0,0,2,0,0,16,303,391.0,196.2,517.0,110.2,FWD
276,Sterling,Raheem,8.4,0.5,5.2,97,5.4,Man City,43,False,115,11,100.0,103955,1,3,6,6,9,11,0,0,1,1,0,0,9,269,385.6,310.1,804.0,149.8,MID
164,Calvert-Lewin,Dominic,12.8,0.2,1.3,97,5.7,Everton,11,False,76,2,100.0,177815,2,4,11,4,5,20,0,0,0,3,0,0,10,344,463.4,150.2,811.0,142.2,FWD
449,Soucek,Tomas,18.1,1.2,6.6,96,4.8,West Ham,21,False,53,15,,215439,4,3,7,1,7,24,0,0,0,2,0,0,13,323,494.6,109.6,586.0,119.0,MID
96,Pope,Nick,17.6,1.0,5.2,95,5.3,Burnley,90,True,54,3,100.0,98747,2,1,0,0,7,19,0,0,0,0,0,73,17,395,547.0,10.0,0.0,55.6,GKP
272,De Bruyne,Kevin,8.0,0.5,5.4,95,5.6,Man City,43,False,119,0,0.0,61366,2,3,3,10,9,11,0,0,1,1,0,0,12,368,514.6,796.8,663.0,197.6,MID
306,Rashford,Marcus,9.9,0.3,3.3,95,4.8,Man Utd,1,False,96,2,100.0,176297,2,3,7,5,6,24,0,0,0,3,0,0,4,279,452.6,331.3,652.0,143.6,MID
12,Martínez,Emiliano,18.2,0.6,3.2,93,5.2,Aston Villa,7,False,51,1,,98980,1,1,0,0,9,21,0,1,0,0,0,62,10,416,481.8,20.0,0.0,50.0,GKP
435,Cresswell,Aaron,16.7,1.2,6.4,92,4.6,West Ham,21,True,55,5,100.0,55459,2,2,0,7,7,24,0,0,0,0,0,0,11,432,399.0,485.3,51.0,93.8,DEF
251,Mané,Sadio,7.5,0.2,2.0,88,4.9,Liverpool,14,False,118,0,100.0,110979,1,3,6,5,5,15,0,0,0,2,0,0,6,256,421.4,440.1,856.0,172.0,MID
255,Robertson,Andrew,11.9,0.5,3.6,88,4.6,Liverpool,14,True,74,0,100.0,122798,2,2,1,5,6,22,0,0,0,1,0,0,11,438,410.4,648.0,218.0,127.9,DEF
235,Barnes,Harvey,12.6,0.9,5.8,86,4.5,Leicester,13,False,68,6,,201666,1,3,6,3,5,18,0,0,0,0,0,0,7,227,391.0,242.3,610.0,124.4,MID
370,Ward-Prowse,James,14.1,0.7,4.0,86,4.5,Southampton,20,False,61,5,100.0,101178,3,3,4,5,8,24,0,0,0,3,0,0,8,395,474.4,510.3,128.0,111.1,MID
474,Lomba Neto,Pedro,14.6,0.5,2.8,86,4.3,Wolves,39,False,59,2,100.0,247632,1,3,4,5,6,26,0,0,0,1,0,0,7,331,386.6,634.1,470.0,149.3,MID
277,Cancelo,João Pedro Cavaco,14.6,1.1,6.6,86,5.7,Man City,43,True,59,17,100.0,121145,1,2,1,2,9,6,0,0,0,3,0,0,13,353,332.2,437.0,197.0,96.7,DEF
232,Chilwell,Benjamin,13.9,0.5,3.2,85,5.0,Chelsea,8,False,61,5,100.0,172850,1,2,2,4,7,17,0,0,0,2,0,0,7,342,363.0,324.0,224.0,90.5,DEF
231,Maddison,James,11.7,1.0,7.2,84,4.7,Leicester,13,False,72,2,100.0,172780,2,3,6,4,7,14,0,0,0,3,0,0,7,283,366.2,502.1,350.0,121.7,MID
228,Tielemans,Youri,13.1,1.2,8.0,84,4.2,Leicester,13,False,64,10,,166989,2,3,5,2,7,22,0,0,0,4,0,0,11,357,453.4,234.9,229.0,91.9,MID
556,Gato Alves Dias,Rúben Santos,14.1,1.1,6.6,83,4.9,Man City,43,False,59,6,,171314,1,2,0,1,11,7,1,0,0,2,0,0,7,374,339.2,29.9,157.0,52.7,DEF
445,Bowen,Jarrod,13.2,0.6,3.8,83,4.2,West Ham,21,False,63,5,,178186,2,3,5,3,6,20,0,0,0,0,0,0,5,258,316.8,319.4,503.0,114.1,MID
514,Watkins,Ollie,13.4,0.6,4.0,83,4.6,Aston Villa,7,False,62,6,,178301,3,4,8,4,9,21,0,0,1,1,0,0,6,276,428.2,319.9,888.0,163.0,FWD
278,Santana de Moraes,Ederson,13.7,0.8,5.0,82,4.6,Man City,43,False,60,6,100.0,121160,0,1,0,0,11,12,0,0,0,1,0,31,1,345,266.8,0.0,0.0,26.8,GKP
217,Schmeichel,Kasper,14.9,0.9,5.2,82,4.1,Leicester,13,False,55,2,100.0,17745,3,1,0,0,7,22,0,0,0,0,0,57,6,362,485.4,0.0,0.0,48.6,GKP
8,Leno,Bernd,16.4,1.1,5.6,82,4.1,Arsenal,3,False,50,3,,80201,2,1,0,0,7,20,0,1,0,0,0,48,6,382,411.0,0.0,0.0,41.1,GKP
376,Bednarek,Jan,16.5,0.8,4.0,81,4.3,Southampton,20,False,49,1,100.0,171771,2,2,1,1,8,21,0,0,0,1,0,0,11,383,393.2,42.7,95.0,53.2,DEF
24,Saka,Bukayo,15.0,1.4,7.8,81,4.5,Arsenal,3,False,54,13,100.0,223340,2,3,5,3,6,16,1,0,0,0,0,0,8,285,374.4,384.4,645.0,140.4,MID
271,Gündogan,Ilkay,14.0,1.5,8.8,80,5.7,Man City,43,False,57,14,100.0,59859,4,3,7,0,8,3,0,0,0,0,0,0,12,303,384.0,302.9,324.0,101.1,MID
431,Fabianski,Lukasz,15.7,0.7,3.4,80,4.2,West Ham,21,False,51,1,100.0,37096,1,1,0,0,6,24,0,1,0,1,0,54,9,357,398.4,0.0,0.0,39.9,GKP
383,Lloris,Hugo,14.1,0.6,3.2,79,4.4,Spurs,6,False,56,0,100.0,37915,0,1,0,0,6,17,0,0,0,0,0,60,9,352,430.0,0.0,0.0,43.0,GKP
42,Targett,Matt,16.6,1.2,5.8,78,4.3,Aston Villa,7,False,47,4,,169359,2,2,0,3,10,19,0,0,0,4,0,0,5,365,290.0,225.1,80.0,59.7,DEF
110,Zouma,Kurt,13.7,0.0,0.2,78,5.2,Chelsea,8,False,57,0,,103192,4,2,4,0,6,17,0,0,0,1,0,0,6,337,416.6,45.9,179.0,64.2,DEF
273,Stones,John,14.8,1.6,8.2,77,7.0,Man City,43,False,52,6,,97299,1,2,2,0,9,2,0,0,0,0,0,0,7,297,263.2,36.3,86.0,38.5,DEF
239,Justin,James,15.2,0.8,4.0,76,3.8,Leicester,13,False,50,1,,220627,2,2,1,2,7,22,0,0,0,4,0,0,7,367,365.8,285.3,109.0,76.3,DEF
203,Harrison,Jack,14.1,0.9,4.8,76,4.2,Leeds,2,False,54,7,100.0,221399,2,3,4,4,6,31,0,0,0,1,0,0,5,258,389.6,481.0,318.0,119.1,MID
366,Ings,Danny,8.9,0.4,3.2,75,5.4,Southampton,20,False,84,2,100.0,84939,1,4,7,3,6,15,0,0,0,1,0,0,13,286,386.2,161.4,460.0,100.7,FWD
200,Dallas,Stuart,15.6,0.9,4.2,75,3.9,Leeds,2,False,48,2,,87873,1,2,3,2,6,34,0,0,0,3,0,0,5,372,386.6,206.6,269.0,86.4,DEF
377,Adams,Che,12.5,0.2,1.2,74,4.1,Southampton,20,False,59,2,100.0,200439,1,4,4,5,6,22,0,0,0,1,0,0,9,244,307.4,268.0,492.0,107.0,FWD
432,Ogbonna,Angelo,14.8,0.8,4.2,74,3.7,West Ham,21,False,50,1,100.0,40669,2,2,2,0,7,24,0,0,0,3,0,0,5,333,370.6,52.1,162.0,58.5,DEF
363,McCarthy,Alex,15.5,0.6,2.8,73,4.1,Southampton,20,False,47,1,100.0,58376,1,1,0,0,7,24,0,0,0,1,0,50,7,341,417.6,0.0,0.0,41.9,GKP
249,Firmino,Roberto,7.8,0.2,1.4,73,3.8,Liverpool,14,False,93,0,,92217,1,4,5,3,6,20,0,0,0,1,0,0,9,299,353.4,285.0,797.0,143.2,FWD
213,Meslier,Illan,15.5,0.6,2.8,73,4.1,Leeds,2,False,47,3,100.0,437495,2,1,0,0,6,34,0,0,0,0,0,71,9,396,532.2,10.0,0.0,54.4,GKP
450,Fornals,Pablo,12.0,0.6,3.4,73,3.8,West Ham,21,False,61,2,,217593,0,3,2,5,7,17,0,0,0,2,0,0,7,213,224.8,214.8,318.0,75.8,MID
6,Lacazette,Alexandre,8.8,0.8,6.8,73,4.3,Arsenal,3,False,83,11,,59966,2,4,8,1,5,9,0,0,0,2,0,0,11,263,380.6,203.7,554.0,113.6,FWD
120,Mount,Mason,10.6,0.6,4.0,72,3.8,Chelsea,8,False,68,1,,184341,1,3,2,5,5,22,0,0,0,2,0,0,8,324,399.6,734.5,401.0,153.5,MID
68,Maupay,Neal,11.6,0.7,4.0,71,3.9,Brighton,36,False,61,2,100.0,115382,1,4,7,1,4,23,0,0,1,0,0,0,10,229,310.2,169.2,679.0,115.5,FWD
4,Aubameyang,Pierre-Emerick,6.3,0.4,4.8,71,4.2,Arsenal,3,False,113,0,0.0,54694,1,3,5,1,7,16,1,0,0,2,0,0,6,202,272.2,226.3,519.0,101.8,MID
41,Mings,Tyrone,13.0,0.4,2.2,70,4.1,Aston Villa,7,False,54,1,100.0,149484,2,2,2,1,8,20,0,0,0,3,1,0,5,314,383.2,62.3,160.0,60.8,DEF
375,Walker-Peters,Kyle,14.6,0.6,3.0,70,3.9,Southampton,20,False,48,0,25.0,158534,1,2,0,2,8,21,0,0,0,4,0,0,6,354,319.8,152.6,140.0,61.3,DEF
117,Werner,Timo,7.6,0.1,1.0,70,3.7,Chelsea,8,False,92,0,100.0,165153,1,4,4,5,6,18,0,0,0,0,0,0,5,231,296.0,239.4,673.0,120.8,FWD
275,Mahrez,Riyad,8.6,0.4,3.4,70,5.0,Man City,43,False,81,12,,103025,2,3,5,2,7,10,0,0,0,0,0,0,7,242,307.0,424.1,453.0,118.3,MID
198,Klich,Mateusz,12.8,0.4,2.2,69,3.6,Leeds,2,False,54,1,100.0,72222,0,3,3,5,5,32,0,0,0,4,0,0,3,299,357.8,512.8,223.0,109.4,MID
298,Maguire,Harry,12.8,1.0,5.2,69,3.5,Man Utd,1,False,54,8,100.0,95658,1,2,2,1,6,27,0,0,0,4,0,0,4,368,433.6,55.9,281.0,77.1,DEF
490,Thiago,Thiago,12.3,0.8,4.2,69,4.6,Chelsea,8,False,56,9,100.0,51090,2,2,2,0,7,16,0,0,0,3,0,0,7,337,404.4,54.3,136.0,59.5,DEF
325,Darlow,Karl,13.6,0.5,2.7,68,3.4,Newcastle,4,False,50,1,100.0,59735,0,1,0,0,3,34,0,1,0,1,0,74,6,373,572.8,0.0,0.0,57.4,GKP
516,Areola,Alphonse,15.1,1.0,4.5,68,3.8,Fulham,54,False,45,10,,84182,1,1,0,0,4,24,0,0,0,0,0,72,7,345,521.4,0.0,0.0,51.9,GKP
252,Ramses Becker,Alisson,11.4,0.7,4.2,67,4.2,Liverpool,14,False,59,0,100.0,116535,1,1,0,0,5,13,0,1,0,1,0,35,6,301,343.0,0.0,0.0,34.2,GKP
156,Keane,Michael,13.1,0.8,4.3,67,3.9,Everton,11,False,51,2,,106611,2,2,3,0,4,21,0,0,0,0,0,0,6,326,430.8,38.7,165.0,63.5,DEF
88,Mee,Ben,13.5,1.3,6.6,66,5.1,Burnley,90,False,49,7,100.0,51927,1,2,2,0,6,12,0,0,0,0,0,0,7,260,359.2,24.6,144.0,53.1,DEF
558,Coufal,Vladimir,13.8,0.8,3.8,65,4.1,West Ham,21,False,47,1,,164555,0,2,0,4,5,20,0,0,0,2,0,0,9,312,334.2,351.5,92.0,78.0,DEF
17,Tierney,Kieran,12.0,1.1,6.0,65,3.8,Arsenal,3,False,54,0,75.0,192895,1,2,1,2,6,18,0,0,0,3,0,0,3,339,300.8,337.7,130.0,76.9,DEF
548,Mendy,Edouard,12.7,0.8,4.0,65,4.1,Chelsea,8,False,51,6,100.0,228286,0,1,0,0,8,14,0,0,0,0,0,29,0,301,235.2,0.0,0.0,23.7,GKP
455,dos Santos Patrício,Rui Pedro,12.0,0.5,2.6,65,3.2,Wolves,39,False,54,9,,38533,0,1,0,0,5,29,0,1,0,1,0,43,5,315,352.2,0.0,0.0,35.0,GKP
118,Abraham,Tammy,8.9,0.1,1.0,64,3.8,Chelsea,8,False,72,1,,173879,1,4,6,2,5,11,0,0,0,0,0,0,8,222,270.2,115.8,462.0,84.3,FWD
284,Foden,Phil,10.2,1.0,6.0,64,4.3,Man City,43,False,63,1,,209244,2,3,4,3,4,6,0,0,0,0,0,0,8,220,270.8,292.2,433.0,99.6,MID
461,Saïss,Romain,12.8,0.4,2.2,64,4.6,Wolves,39,False,50,0,100.0,107613,2,2,3,0,4,21,0,0,0,0,0,0,9,259,337.4,38.1,207.0,58.4,DEF
128,Guaita,Vicente,13.3,1.0,4.8,64,3.2,Crystal Palace,31,False,48,2,,40836,3,1,0,0,3,36,0,1,0,2,0,61,9,337,447.6,0.0,0.0,44.7,GKP
313,Wan-Bissaka,Aaron,11.9,0.8,4.5,64,3.6,Man Utd,1,False,54,1,100.0,214590,0,2,1,1,6,22,0,0,0,0,0,0,3,342,405.0,191.6,72.0,66.7,DEF
46,Konsa Ngoyo,Ezri,13.4,0.6,2.8,63,3.9,Aston Villa,7,False,47,1,100.0,199798,1,2,2,0,6,21,0,0,0,1,0,0,6,274,308.8,5.2,122.0,43.8,DEF
65,March,Solomon,12.6,0.4,2.0,63,3.3,Brighton,36,False,50,3,100.0,109345,1,3,2,2,5,25,0,0,0,0,0,0,6,252,340.2,367.5,276.0,98.3,MID
369,Vestergaard,Jannik,13.4,0.0,0.0,63,4.8,Southampton,20,False,47,0,0.0,93100,1,2,3,0,5,13,0,0,0,0,0,0,3,282,366.2,45.3,149.0,56.1,DEF
496,Cash,Matthew,12.6,0.6,2.8,63,3.7,Aston Villa,7,False,50,1,100.0,199796,0,2,0,2,8,21,0,0,0,5,0,0,5,321,343.2,251.8,69.0,66.5,DEF
368,Armstrong,Stuart,11.3,0.6,3.5,62,3.9,Southampton,20,False,55,8,100.0,91047,1,3,3,2,7,16,0,0,0,0,0,0,3,217,277.2,243.1,153.0,67.2,MID
11,Bellerín,Héctor,12.2,0.6,3.0,62,3.6,Arsenal,3,False,51,1,100.0,98745,3,2,0,3,5,17,0,0,0,7,0,0,11,291,251.8,260.8,125.0,63.8,DEF
296,Pogba,Paul,8.1,0.7,5.5,62,3.6,Man Utd,1,False,77,2,100.0,74208,1,3,3,2,4,17,0,0,0,2,0,0,9,233,295.2,198.2,235.0,72.5,MID
270,Walker,Kyle,10.2,0.2,1.4,62,4.4,Man City,43,False,61,0,100.0,58621,2,2,1,1,6,11,0,0,0,1,0,0,7,248,200.6,112.0,72.0,38.4,DEF
91,Wood,Chris,9.8,0.5,3.2,61,3.2,Burnley,90,False,62,8,,60689,0,4,4,0,7,23,0,0,0,0,0,0,7,143,212.8,176.0,511.0,89.2,FWD
481,Pereira,Matheus,10.7,1.0,5.8,60,3.8,West Brom,35,False,56,2,100.0,210407,1,3,4,3,2,35,0,0,0,1,1,0,5,243,314.4,418.0,198.0,93.1,MID
508,Rodríguez,James,7.8,0.5,3.7,60,4.6,Everton,11,False,77,8,100.0,60025,1,3,4,3,1,17,0,0,0,2,0,0,7,278,332.4,393.7,244.0,97.2,MID
16,Holding,Rob,13.3,1.5,6.6,60,3.5,Arsenal,3,False,45,2,100.0,156074,1,2,0,1,7,15,1,0,0,2,0,0,4,316,325.2,44.5,81.0,45.1,DEF
469,Castelo Podence,Daniel,11.3,0.2,0.8,60,3.8,Wolves,39,False,53,3,100.0,200600,0,3,3,2,6,15,0,0,0,2,0,0,5,209,250.0,202.6,375.0,82.9,MID
291,de Gea,David,11.1,0.9,5.0,59,3.3,Man Utd,1,False,53,1,100.0,51940,1,1,0,0,6,24,0,0,0,0,0,37,3,277,309.0,0.0,0.0,30.9,GKP
540,Traoré,Bertrand,10.0,0.8,5.0,59,3.7,Aston Villa,7,False,59,2,100.0,110504,1,3,4,2,5,11,0,0,0,0,0,0,3,206,244.2,208.4,376.0,82.8,MID
38,McGinn,John,10.7,0.2,1.2,59,3.5,Aston Villa,7,False,55,2,,122806,0,3,1,5,8,21,0,0,0,5,0,0,2,238,257.6,305.3,166.0,72.8,MID
69,Trossard,Leandro,10.2,0.7,4.0,58,3.4,Brighton,36,False,57,3,100.0,116216,1,3,1,4,5,21,0,0,0,1,0,0,5,186,210.0,430.8,314.0,95.3,MID
557,Lookman,Ademola,11.6,0.8,3.8,58,3.6,Fulham,54,False,50,3,,219352,0,3,3,3,4,15,0,0,1,3,0,0,5,185,338.4,364.2,503.0,120.6,MID
137,Townsend,Andros,10.4,0.4,2.5,58,3.2,Crystal Palace,31,False,56,2,,60252,0,3,1,3,4,21,0,0,0,0,0,0,6,228,306.8,413.3,149.0,87.1,MID
344,McGoldrick,David,11.2,0.5,2.8,58,3.2,Sheffield Utd,49,False,52,2,100.0,27436,1,4,5,1,5,19,0,0,0,2,0,0,6,194,248.4,147.0,379.0,77.4,FWD
162,Mina,Yerry,10.4,0.4,2.0,58,3.6,Everton,11,False,56,2,100.0,164511,1,2,2,0,4,18,0,0,0,1,0,0,5,292,381.8,21.3,156.0,56.1,DEF
405,Ndombele,Tanguy,9.7,0.6,3.5,57,3.6,Spurs,6,False,59,0,100.0,231372,1,3,3,1,8,7,0,0,0,2,0,0,5,209,265.6,190.0,189.0,64.5,MID
89,Westwood,Ashley,10.8,0.5,2.8,57,3.0,Burnley,90,False,53,5,100.0,60551,0,3,1,3,7,24,0,0,0,4,0,0,2,298,282.2,409.2,76.0,76.7,MID
81,Tarkowski,James,10.8,0.7,3.8,57,3.4,Burnley,90,False,53,0,100.0,17761,0,2,0,0,7,19,0,0,0,3,0,0,3,245,329.0,56.8,165.0,55.5,DEF
417,Johnstone,Sam,12.4,0.2,0.8,56,2.9,West Brom,35,False,45,0,,101982,1,1,0,0,2,46,0,0,0,0,0,80,7,357,580.0,0.0,0.0,58.0,GKP
123,James,Reece,11.0,0.0,0.2,56,4.0,Chelsea,8,False,51,0,100.0,225796,2,2,1,2,4,17,0,0,0,3,0,0,9,283,305.0,341.7,160.0,80.9,DEF
570,Dias Belloli,Raphael,10.2,1.1,6.2,55,3.9,Leeds,2,False,54,13,100.0,219961,2,3,3,3,4,19,0,0,0,2,0,0,4,198,284.8,332.6,372.0,99.0,MID
201,Alioski,Ezgjan,12.2,0.8,3.8,55,3.2,Leeds,2,False,45,0,100.0,105377,2,2,2,0,5,21,0,0,0,3,0,0,6,234,228.4,198.2,149.0,57.7,DEF
148,Walcott,Theo,9.5,0.4,2.5,55,3.7,Southampton,20,False,58,2,100.0,20467,0,3,2,3,5,19,0,0,0,0,0,0,2,126,189.8,180.7,261.0,62.8,MID
391,Dier,Eric,11.0,0.5,2.5,55,3.2,Spurs,6,False,50,0,100.0,93264,0,2,0,0,6,14,0,0,0,1,0,0,1,285,347.0,23.5,72.0,44.2,DEF
150,Sigurdsson,Gylfi,7.9,0.3,2.0,54,3.2,Everton,11,False,68,1,,55422,2,3,2,2,4,10,0,0,0,0,0,0,8,187,211.6,325.3,156.0,69.3,MID
492,Moreno,Rodrigo,9.5,0.7,4.0,54,3.2,Leeds,2,False,57,4,100.0,80954,2,4,3,3,2,19,0,0,0,1,0,0,8,200,212.6,309.3,429.0,95.1,FWD
489,Eze,Eberechi,9.3,0.5,3.0,54,3.0,Crystal Palace,31,False,58,2,100.0,232413,1,3,2,3,1,30,0,0,0,2,0,0,5,220,267.0,327.9,183.0,77.8,MID
362,Bertrand,Ryan,10.8,0.5,2.5,54,3.2,Southampton,20,False,50,0,100.0,40146,0,2,0,0,7,19,0,0,0,5,0,0,2,246,182.2,162.1,79.0,42.1,DEF
458,Boly,Willy,10.0,0.7,3.6,54,3.9,Wolves,39,False,54,6,100.0,90585,0,2,1,1,5,19,0,0,0,1,0,0,4,256,289.4,30.2,110.0,43.0,DEF
542,Reguilón,Sergio,9.3,0.4,2.5,53,4.1,Spurs,6,False,57,0,100.0,199249,0,2,0,3,5,11,0,0,0,2,0,0,3,225,217.6,155.3,130.0,50.4,DEF
437,Antonio,Michail,8.3,0.8,5.0,53,4.4,West Ham,21,False,64,5,100.0,57531,1,4,5,1,3,11,0,0,0,1,0,0,11,158,239.8,141.2,489.0,86.8,FWD
498,Castagne,Timothy,9.3,0.7,4.0,53,4.4,Leicester,13,False,57,2,100.0,166477,2,2,1,3,4,12,0,0,0,1,0,0,4,227,227.6,148.6,102.0,47.8,DEF
259,Alexander-Arnold,Trent,7.3,0.4,3.2,53,3.1,Liverpool,14,False,73,0,100.0,169187,0,2,0,2,4,21,0,0,0,1,0,0,4,293,265.2,477.5,229.0,97.0,DEF
219,Evans,Jonny,9.6,0.8,4.5,53,3.3,Leicester,13,False,55,2,75.0,37642,0,2,0,1,6,16,1,0,0,5,0,0,5,281,256.8,56.8,37.0,35.1,DEF
562,Aina,Ola,11.6,0.6,2.5,52,3.2,Fulham,54,False,45,6,,159506,1,2,1,0,4,17,0,0,0,1,0,0,3,251,273.2,127.5,52.0,45.2,DEF
97,Taylor,Charlie,11.6,0.1,0.4,52,3.2,Burnley,90,False,45,0,50.0,103914,0,2,0,2,5,20,0,0,0,1,0,0,3,257,264.2,137.0,35.0,43.6,DEF
100,McNeil,Dwight,9.1,0.6,3.6,52,3.1,Burnley,90,False,57,13,100.0,433154,1,3,1,2,7,21,0,0,0,1,0,0,3,211,257.4,314.2,76.0,65.0,MID
166,de Andrade,Richarlison,6.7,0.2,1.7,52,3.7,Everton,11,False,78,2,100.0,212319,0,4,2,5,3,12,0,0,0,2,1,0,8,173,252.8,154.2,454.0,86.0,FWD
62,Dunk,Lewis,10.6,1.0,4.8,51,3.0,Brighton,36,False,48,6,100.0,83299,1,2,2,0,4,26,1,0,0,4,1,0,6,285,349.6,61.5,209.0,62.0,DEF
303,Martial,Anthony,5.8,0.3,2.5,51,3.2,Man Utd,1,False,88,2,100.0,148225,1,4,2,5,3,21,0,0,0,0,1,0,2,169,199.2,205.8,494.0,89.6,FWD
92,Lowton,Matthew,11.4,0.7,3.2,50,3.3,Burnley,90,False,44,1,100.0,68983,0,2,0,0,6,16,0,0,0,2,0,0,2,230,218.2,84.0,26.0,32.9,DEF
483,Ramsdale,Aaron,10.9,0.7,3.2,50,2.5,Sheffield Utd,49,False,46,3,,225321,0,1,0,0,1,33,0,0,0,1,0,67,2,316,449.8,10.0,4.0,46.4,GKP
243,Wijnaldum,Georginio,9.4,0.3,1.6,50,2.6,Liverpool,14,False,53,0,,41733,0,3,1,1,5,20,0,0,0,0,0,0,1,244,202.4,230.2,169.0,60.2,MID
45,El Ghazi,Anwar,8.6,0.2,1.2,50,4.2,Aston Villa,7,False,58,1,,193488,1,3,5,0,3,5,0,0,0,1,0,0,6,165,253.6,157.1,390.0,80.2,MID
157,Pickford,Jordan,10.2,0.6,2.7,49,3.1,Everton,11,False,48,3,,111234,0,1,0,0,3,20,0,0,0,1,0,46,3,265,350.8,10.0,0.0,36.1,GKP
181,Decordova-Reid,Bobby,9.2,0.2,1.2,49,2.9,Fulham,54,False,53,2,100.0,96994,1,4,4,1,5,14,0,0,0,5,0,0,5,212,235.6,108.2,254.0,59.7,FWD
358,Robinson,Callum,9.1,0.6,3.2,49,2.6,West Brom,35,False,54,1,100.0,171975,1,4,2,3,2,31,0,0,0,0,0,0,4,165,126.8,172.8,197.0,48.9,FWD
74,White,Ben,11.1,0.8,3.4,49,2.6,Brighton,36,False,44,8,100.0,198869,0,2,0,0,5,28,0,0,0,2,0,0,2,291,258.8,107.1,42.0,41.0,DEF
191,Zambo Anguissa,André-Frank,10.9,0.7,3.0,49,2.6,Fulham,54,False,45,3,,203325,0,3,0,3,4,21,0,0,0,4,0,0,4,264,340.2,242.3,167.0,75.3,MID
448,Rice,Declan,10.2,0.5,2.6,49,2.5,West Ham,21,False,48,2,,204480,0,3,0,1,7,24,0,0,0,1,0,0,0,313,309.8,267.7,146.0,72.7,MID
308,Lindelöf,Victor,10.2,0.2,1.0,49,3.5,Man Utd,1,False,48,0,100.0,184667,0,2,1,1,4,16,0,0,0,0,0,0,1,250,276.8,53.1,52.0,38.2,DEF
572,Adarabioyo,Tosin,10.9,0.6,2.8,49,3.3,Fulham,54,False,45,6,,109646,1,2,0,1,4,16,0,0,0,1,0,0,5,259,309.8,28.2,89.0,43.0,DEF
57,Groß,Pascal,8.4,0.3,1.6,49,3.1,Brighton,36,False,58,3,,60307,0,3,2,2,3,12,0,0,0,1,0,0,6,204,240.0,401.2,163.0,80.4,MID
466,da Silva Neves,Rúben Diogo,9.4,0.9,4.6,49,2.5,Wolves,39,False,52,3,100.0,171317,0,3,2,0,4,25,0,0,0,3,0,0,3,264,349.6,245.8,241.0,83.8,MID
133,Kouyaté,Cheikhou,9.6,0.4,2.0,48,2.5,Crystal Palace,31,False,50,2,,55037,0,3,1,0,3,29,0,0,0,0,0,0,2,245,322.0,55.2,120.0,49.9,MID
339,Almirón,Miguel,8.6,0.5,2.7,48,2.7,Newcastle,4,False,56,9,,179018,0,3,2,1,2,22,0,0,0,1,0,0,4,181,247.4,234.0,195.0,67.7,MID
459,Coady,Conor,10.0,0.5,2.2,48,2.5,Wolves,39,False,48,6,100.0,94147,0,2,0,0,5,28,0,0,0,3,0,0,2,287,330.2,25.3,17.0,37.5,DEF
561,Fofana,Wesley,9.6,0.5,2.5,48,3.2,Leicester,13,False,50,2,100.0,444463,1,2,0,1,5,14,0,0,0,4,0,0,4,275,314.2,50.5,55.0,42.0,DEF
300,Shaw,Luke,9.8,0.7,3.3,47,2.9,Man Utd,1,False,48,1,100.0,106760,1,2,0,1,4,19,1,0,0,4,0,0,11,282,244.0,428.3,75.0,74.9,DEF
309,McTominay,Scott,9.6,0.3,1.3,47,2.8,Man Utd,1,False,49,0,100.0,195851,1,3,2,1,3,14,0,0,0,0,0,0,3,202,277.0,145.8,87.0,50.9,MID
386,Alderweireld,Toby,8.7,0.6,3.2,47,4.3,Spurs,6,False,54,0,100.0,55605,1,2,1,0,5,10,1,0,0,0,0,0,4,219,286.2,62.5,74.0,42.4,DEF
66,Webster,Adam,10.7,0.7,3.0,47,2.5,Brighton,36,False,44,6,,110735,0,2,0,0,5,26,0,0,0,3,0,0,0,272,289.0,77.2,200.0,56.5,DEF
105,Frello Filho,Jorge Luiz,10.0,0.3,1.5,47,3.9,Chelsea,8,False,47,3,100.0,85955,2,3,3,2,5,8,0,0,2,0,0,0,4,189,244.2,123.6,101.0,47.0,MID
494,Magalhães,Gabriel,9.4,0.0,0.0,47,3.9,Arsenal,3,False,50,0,100.0,226597,1,2,2,0,3,13,0,0,0,1,1,0,6,224,300.0,22.3,138.0,46.0,DEF
468,Jota,Diogo,7.1,0.0,0.0,47,5.2,Liverpool,14,False,66,0,0.0,194634,0,3,5,0,1,11,0,0,0,0,0,0,7,138,198.0,95.3,266.0,56.0,MID
197,Ayling,Luke,10.2,0.6,2.5,46,2.4,Leeds,2,False,45,2,,66588,0,2,0,0,6,35,0,0,0,3,0,0,1,350,445.6,251.5,164.0,86.1,DEF
187,Neves Abreu Cavaleiro,Ivan Ricardo,8.7,0.7,3.8,46,2.7,Fulham,54,False,53,3,100.0,166324,1,3,2,0,3,23,0,0,1,1,0,0,4,107,178.8,295.1,357.0,83.0,MID
389,Aurier,Serge,8.8,0.5,2.5,46,4.6,Spurs,6,False,52,0,100.0,80226,0,2,2,1,3,11,0,0,0,0,0,0,2,202,254.6,124.8,115.0,49.5,DEF
130,McArthur,James,8.7,0.8,4.0,45,2.5,Crystal Palace,31,False,52,2,,50471,0,3,0,2,4,26,0,0,0,3,0,0,3,228,285.2,202.2,65.0,55.2,MID
485,Hendrick,Jeff,9.8,0.3,1.2,45,3.2,Newcastle,4,False,46,2,100.0,83314,1,3,2,1,2,17,0,0,0,0,0,0,3,161,184.6,66.7,83.0,33.1,MID
244,Henderson,Jordan,8.3,0.3,1.6,45,3.0,Liverpool,14,False,54,0,75.0,56979,0,3,1,2,4,12,0,0,0,0,0,0,2,250,267.4,205.8,95.0,56.9,MID
512,Doucouré,Abdoulaye,8.7,0.2,1.0,45,2.6,Everton,11,False,52,0,100.0,121599,1,3,1,2,4,21,0,0,0,5,0,0,2,255,265.6,188.8,202.0,65.6,MID
286,Hernandez,Rodrigo,8.3,0.6,3.4,45,2.5,Man City,43,False,54,3,,220566,0,3,0,1,8,13,0,0,0,3,0,0,3,266,307.0,281.0,186.0,77.5,MID
159,Iwobi,Alex,7.5,0.5,3.0,44,2.8,Everton,11,False,59,1,,153133,1,3,1,3,4,11,0,0,0,0,0,0,1,181,209.0,173.6,181.0,56.4,MID
396,Højbjerg,Pierre-Emile,9.0,0.4,2.0,44,2.4,Spurs,6,False,49,0,100.0,132015,0,3,0,2,6,17,0,0,0,4,0,0,0,245,329.2,152.9,74.0,55.7,MID
142,Schlupp,Jeffrey,8.1,0.3,1.5,44,2.9,Crystal Palace,31,False,54,0,0.0,86417,1,3,2,1,4,17,0,0,0,2,0,0,3,121,219.8,158.1,230.0,60.7,MID
500,Havertz,Kai,5.4,0.2,2.0,44,2.6,Chelsea,8,False,82,3,100.0,219847,0,3,1,3,4,12,0,0,0,2,0,0,0,156,159.8,203.0,179.0,54.0,MID
460,Jiménez,Raúl,5.2,0.0,0.0,43,4.3,Wolves,39,False,82,0,0.0,102057,0,4,4,1,4,10,1,0,0,0,0,0,7,148,177.4,96.2,275.0,55.0,FWD
52,Soares de Paulo,Douglas Luiz,8.8,0.6,3.0,43,2.5,Aston Villa,7,False,49,5,100.0,230046,0,3,0,2,8,21,0,0,0,2,1,0,0,199,217.2,197.7,98.0,51.5,MID
470,Kilman,Max,10.8,0.4,1.8,43,3.9,Wolves,39,False,40,6,,214048,1,2,0,1,4,7,0,0,0,1,0,0,6,174,145.0,39.3,45.0,22.8,DEF
478,Borges Da Silva,Willian,5.6,0.1,0.6,42,2.8,Arsenal,3,False,75,1,100.0,47431,1,3,0,4,2,13,0,0,0,0,0,0,2,175,130.6,300.0,118.0,55.1,MID
546,Cabral Semedo,Nélson,7.9,0.4,2.0,42,2.5,Wolves,39,False,53,6,,200402,0,2,0,1,4,24,1,0,0,4,0,0,2,269,310.6,199.8,110.0,62.3,DEF
364,Romeu Vidal,Oriol,9.3,0.2,0.8,42,2.8,Southampton,20,False,45,0,0.0,78056,0,3,1,1,6,16,0,0,0,5,0,0,4,205,284.0,191.7,94.0,57.0,MID
155,Digne,Lucas,6.8,0.4,2.3,41,4.1,Everton,11,False,60,2,100.0,101188,1,2,0,6,1,16,0,0,0,0,1,0,8,206,235.8,277.4,66.0,58.1,DEF
569,Cavani,Edinson,5.2,0.3,2.2,41,3.2,Man Utd,1,False,79,1,100.0,40720,1,4,4,2,2,5,0,0,0,1,0,0,4,153,200.8,60.7,267.0,52.4,FWD
246,Matip,Joel,7.6,0.0,0.2,41,4.6,Liverpool,14,False,54,0,100.0,60914,1,2,1,2,3,5,0,0,0,2,0,0,5,179,170.8,41.8,84.0,29.7,DEF
98,Brownhill,Josh,8.4,0.4,2.2,41,2.3,Burnley,90,False,49,1,75.0,172782,0,3,0,0,7,18,0,0,0,1,0,0,0,203,222.0,156.5,194.0,57.4,MID
441,Haller,Sébastien,6.7,0.1,0.6,41,2.6,West Ham,21,False,61,0,0.0,103123,0,4,3,0,3,12,0,0,0,0,0,0,4,113,169.6,131.6,361.0,66.2,FWD
106,Barkley,Ross,6.8,0.3,2.0,40,3.6,Aston Villa,7,False,59,2,100.0,88894,1,3,2,1,4,12,0,0,0,0,0,0,4,136,157.6,283.3,267.0,70.8,MID
443,Balbuena,Fabián,9.1,0.0,0.0,40,3.3,West Ham,21,False,44,0,100.0,166640,0,2,1,0,4,16,0,0,0,1,0,0,0,185,240.4,7.7,75.0,32.4,DEF
114,Ziyech,Hakim,4.9,0.2,1.8,40,3.6,Chelsea,8,False,81,3,100.0,124183,2,3,1,3,5,6,0,0,0,3,0,0,6,138,155.2,278.4,177.0,61.2,MID
422,Furlong,Darnell,8.9,0.1,0.4,40,2.1,West Brom,35,False,45,0,,176420,0,2,1,2,2,40,1,0,0,2,0,0,2,222,288.8,165.0,163.0,61.8,DEF
253,Tavares,Fabio Henrique,7.4,0.3,1.4,40,2.4,Liverpool,14,False,54,0,100.0,116643,0,3,0,1,6,18,0,0,0,4,0,0,2,264,309.2,60.6,16.0,38.9,MID
132,Benteke,Christian,7.1,0.5,2.8,39,2.8,Crystal Palace,31,False,55,5,100.0,54861,1,4,3,2,1,13,0,0,0,0,1,0,3,103,163.6,122.1,375.0,65.9,FWD
9,Xhaka,Granit,7.5,0.7,3.4,39,2.4,Arsenal,3,False,52,5,100.0,84450,0,3,1,1,6,13,0,0,0,2,1,0,1,206,230.4,104.2,85.0,42.0,MID
95,Brady,Robbie,7.8,0.6,3.0,39,2.8,Burnley,90,False,50,1,100.0,90517,0,3,1,1,7,4,0,0,0,2,0,0,3,140,156.2,128.1,159.0,44.4,MID
113,Kanté,N'Golo,7.8,0.0,0.2,38,2.2,Chelsea,8,False,49,0,75.0,116594,0,3,0,1,6,21,0,0,0,5,0,0,0,245,274.6,220.8,31.0,52.9,MID
287,Torres,Ferran,5.5,0.1,1.0,38,3.2,Man City,43,False,69,1,100.0,224444,0,3,2,2,4,6,0,0,0,1,0,0,0,88,112.8,103.3,279.0,49.3,MID
102,Azpilicueta,César,6.8,0.6,3.2,38,3.8,Chelsea,8,False,56,7,,41328,0,2,0,1,5,7,0,0,0,3,0,0,2,174,167.6,132.4,72.0,37.2,DEF
340,Apolinário de Lira,Joelinton Cássio,6.7,0.2,1.0,38,2.4,Newcastle,4,False,57,0,,180974,1,4,1,2,2,18,0,0,0,2,0,0,2,132,169.8,125.3,230.0,52.6,FWD
419,Ajayi,Oluwasemilogo Adesewo Ibidapo,7.9,0.3,1.4,38,2.0,West Brom,35,False,48,0,,146426,0,2,2,1,1,48,0,0,0,3,0,0,2,233,374.4,30.9,103.0,50.7,DEF
140,Ayew,Jordan,6.6,0.4,2.0,37,2.3,Crystal Palace,31,False,56,4,100.0,80146,0,4,1,2,2,20,0,0,0,0,0,0,2,104,118.6,86.7,207.0,41.2,FWD
464,Dendoncker,Leander,7.9,0.3,1.2,37,2.5,Wolves,39,False,47,3,100.0,151589,0,3,0,2,6,14,0,0,0,3,0,0,0,121,141.8,206.4,255.0,60.2,MID
442,Masuaku,Arthur,8.6,0.0,0.0,37,3.7,West Ham,21,False,43,0,0.0,105717,1,2,0,1,4,12,0,0,0,1,0,0,4,179,142.6,172.1,60.0,37.5,DEF
67,Veltman,Joël,8.6,0.9,3.8,37,2.5,Brighton,36,False,43,8,,111478,2,2,0,0,3,17,0,0,0,2,0,0,6,208,246.6,186.8,24.0,45.7,DEF
204,Phillips,Kalvin,7.6,0.3,1.5,37,2.5,Leeds,2,False,49,2,100.0,155405,0,3,0,2,5,24,0,0,0,5,0,0,2,227,318.2,272.6,52.0,64.5,MID
544,Gallagher,Conor,6.7,0.1,0.8,37,2.6,West Brom,35,False,55,0,100.0,232787,0,3,2,0,2,27,0,0,0,6,0,0,3,173,237.4,133.9,161.0,53.2,MID
165,Holgate,Mason,7.5,0.4,1.7,36,4.0,Everton,11,False,48,2,100.0,194164,1,2,1,0,3,8,0,0,0,3,0,0,4,169,192.4,67.4,61.0,32.1,DEF
281,Veiga de Carvalho e Silva,Bernardo Mota,4.9,0.5,3.6,36,2.8,Man City,43,False,74,4,100.0,165809,0,3,1,1,6,4,0,0,0,1,0,0,1,168,161.0,192.5,210.0,56.5,MID
571,Andersen,Joachim,8.0,0.6,2.5,36,2.8,Fulham,54,False,45,6,100.0,174874,0,2,0,0,4,13,0,0,0,2,1,0,2,201,224.4,18.5,13.0,25.7,DEF
588,Welbeck,Danny,6.5,0.0,0.0,36,4.0,Brighton,36,False,55,0,0.0,50175,1,4,2,2,2,9,0,0,0,0,0,0,6,114,111.8,94.8,256.0,46.3,FWD
76,Bissouma,Yves,8.0,0.2,1.0,36,2.0,Brighton,36,False,45,2,100.0,227127,0,3,1,0,4,25,0,0,0,6,1,0,2,224,254.6,145.7,110.0,50.8,MID
282,de Jesus,Gabriel Fernando,4.0,0.2,1.6,36,3.3,Man City,43,False,91,1,100.0,205651,0,4,2,2,4,5,0,0,0,1,0,0,4,114,133.4,169.5,245.0,54.8,FWD
184,Mitrović,Aleksandar,6.5,0.1,0.5,36,2.4,Fulham,54,False,55,1,100.0,128389,0,4,2,2,1,13,0,0,1,2,0,0,3,94,151.4,158.1,391.0,68.6,FWD
205,Sousa de Azevedo e Costa,Hélder Wander,7.1,0.0,0.2,36,3.3,Leeds,2,False,51,0,,165808,1,3,2,2,2,17,1,0,0,0,0,0,2,98,154.6,112.7,192.0,45.8,MID
87,Barnes,Ashley,5.8,0.4,2.4,35,2.3,Burnley,90,False,60,0,75.0,44699,0,4,2,0,5,15,0,0,0,4,0,0,4,70,111.4,183.4,348.0,63.9,FWD
115,Loftus-Cheek,Ruben,5.9,0.3,1.8,35,2.5,Fulham,54,False,59,3,100.0,126187,0,3,1,0,6,9,0,0,0,1,0,0,0,93,107.0,98.0,237.0,44.4,MID
77,Lamptey,Tariq,7.4,0.0,0.0,35,3.2,Brighton,36,False,47,0,0.0,232792,0,2,1,3,2,15,0,0,0,2,1,0,2,156,147.8,162.9,156.0,46.7,DEF
346,Fleck,John,6.2,0.6,3.2,35,2.5,Sheffield Utd,49,False,56,5,100.0,47247,0,3,0,3,1,20,0,0,0,1,0,0,1,173,169.2,279.0,77.0,52.5,MID
225,Praet,Dennis,6.7,0.0,0.0,35,2.7,Leicester,13,False,52,0,0.0,106837,0,3,1,2,3,8,0,0,0,0,0,0,1,119,118.4,126.4,114.0,35.7,MID
221,Albrighton,Marc,6.6,0.7,3.8,35,2.5,Leicester,13,False,53,2,,51938,0,3,0,3,4,9,0,0,0,2,0,0,0,149,182.6,221.7,138.0,54.0,MID
119,Pulisic,Christian,4.1,0.2,1.8,34,2.6,Chelsea,8,False,82,1,100.0,176413,0,3,1,1,4,13,0,0,0,1,0,0,0,114,137.2,171.0,328.0,63.5,MID
395,Davies,Ben,7.4,0.4,2.0,34,2.6,Spurs,6,False,46,0,75.0,115556,0,2,0,2,2,8,0,0,0,0,0,0,1,155,148.4,110.2,58.0,31.6,DEF
323,Fernández,Federico,7.2,0.4,2.0,34,2.1,Newcastle,4,False,47,0,0.0,57145,0,2,0,0,3,26,1,0,0,2,0,0,4,252,332.2,55.1,14.0,40.0,DEF
501,Ceballos Fernández,Daniel,7.0,0.3,1.2,33,2.1,Arsenal,3,False,47,0,50.0,182539,0,3,0,1,4,12,0,0,0,3,0,0,3,207,230.6,259.6,51.0,54.3,MID
367,Stephens,Jack,7.2,1.0,4.8,33,3.7,Southampton,20,False,46,1,,88900,1,2,0,0,4,14,0,0,0,1,0,0,6,180,196.6,50.3,27.0,27.6,DEF
465,Traoré,Adama,5.5,0.4,2.4,33,1.7,Wolves,39,False,60,3,100.0,159533,0,3,0,1,2,21,0,0,0,3,0,0,0,146,182.4,366.2,185.0,73.3,MID
446,Diangana,Grady,6.5,0.1,0.6,33,2.2,West Brom,35,False,51,0,,179830,0,3,1,0,1,28,0,0,0,0,0,0,0,95,152.4,88.5,151.0,39.2,MID
491,Koch,Robin,7.4,0.0,0.0,32,2.9,Leeds,2,False,43,0,0.0,193645,1,2,0,0,4,17,0,0,0,0,0,0,2,180,176.0,48.9,89.0,31.4,DEF
563,Ait Nouri,Rayan,6.4,0.4,2.2,32,2.9,Wolves,39,False,50,1,75.0,448514,1,2,1,1,1,11,0,0,0,0,0,0,5,136,136.6,99.2,102.0,33.8,DEF
236,Ndidi,Wilfred,6.7,0.9,4.2,32,2.9,Leicester,13,False,48,1,75.0,203341,0,3,1,0,5,8,0,0,0,2,0,0,4,171,216.4,41.4,17.0,27.5,MID
597,Sánchez,Robert,7.3,0.9,3.8,32,3.6,Brighton,36,False,44,6,,215059,0,1,0,0,3,10,0,0,0,0,0,23,3,164,199.0,0.0,0.0,19.9,GKP
146,Mitchell,Tyrick,8.2,1.0,3.8,32,2.9,Crystal Palace,31,False,39,1,100.0,244723,1,2,0,1,3,17,0,0,0,1,0,0,2,155,184.4,48.8,21.0,25.5,DEF
385,Sissoko,Moussa,6.7,0.2,0.8,32,2.1,Spurs,6,False,48,0,100.0,45268,0,3,0,0,5,13,0,0,0,2,0,0,2,152,127.6,54.3,47.0,23.0,MID
518,Mendy,Nampalys,7.0,0.0,0.2,31,2.1,Leicester,13,False,44,1,,86881,0,3,0,1,4,17,0,0,0,4,0,0,0,182,119.4,77.8,9.0,20.7,MID
195,Cooper,Liam,7.2,0.2,1.0,31,2.4,Leeds,2,False,43,2,100.0,55914,0,2,1,0,3,27,0,0,0,3,0,0,1,257,337.6,9.3,77.0,42.4,DEF
122,Hudson-Odoi,Callum,5.4,0.6,3.2,31,2.8,Chelsea,8,False,57,3,100.0,209046,0,3,2,1,2,4,0,0,0,0,0,0,1,132,156.2,215.3,158.0,53.0,MID
582,Grant,Karlan,5.3,0.1,0.8,31,2.4,West Brom,35,False,58,2,100.0,180294,0,4,1,0,3,20,0,0,0,1,0,0,3,76,82.2,57.7,236.0,37.3,FWD
566,Godfrey,Ben,6.2,0.3,1.7,31,2.6,Everton,11,False,50,2,100.0,198826,0,2,0,0,3,11,0,0,0,3,0,0,1,181,194.6,38.6,19.0,25.3,DEF
103,Giroud,Olivier,4.6,0.1,1.0,31,2.8,Chelsea,8,False,67,2,100.0,44346,1,4,3,0,2,4,0,0,0,1,0,0,3,100,123.6,98.6,311.0,53.4,FWD
413,Sawyers,Romaine,6.5,0.3,1.6,31,1.7,West Brom,35,False,48,2,,61600,0,3,0,0,1,40,1,0,0,2,0,0,0,185,149.8,101.1,13.0,26.3,MID
484,Robinson,Antonee,7.0,0.0,0.0,31,2.2,Fulham,54,False,44,0,100.0,169528,0,2,0,0,3,15,0,0,0,3,1,0,1,222,277.6,303.9,122.0,70.6,DEF
382,Djenepo,Moussa,5.6,0.1,0.8,30,2.3,Southampton,20,False,54,0,0.0,431131,0,3,1,2,3,9,0,0,0,3,0,0,0,91,98.8,71.3,123.0,29.0,MID
78,Connolly,Aaron,5.8,0.2,1.0,30,2.7,Brighton,36,False,52,0,100.0,233425,0,4,2,1,1,13,0,0,0,0,0,0,2,78,98.8,59.4,217.0,37.4,FWD
144,Riedewald,Jairo,6.8,0.2,0.8,30,1.9,Crystal Palace,31,False,44,1,100.0,173954,1,3,1,0,2,13,0,0,0,0,0,0,1,111,131.8,78.3,43.0,25.4,MID
373,Reed,Harrison,6.8,0.5,2.0,30,2.0,Fulham,54,False,44,2,100.0,153366,0,3,0,1,3,18,0,0,0,3,0,0,0,174,195.6,159.3,30.0,38.6,MID
338,Saint-Maximin,Allan,5.9,0.1,0.3,30,3.0,Newcastle,4,False,51,1,100.0,170137,0,3,1,1,3,11,0,0,0,0,0,0,2,89,125.4,111.3,89.0,32.6,MID
400,Bergwijn,Steven,4.3,0.4,2.8,30,2.5,Spurs,6,False,70,0,100.0,194252,0,3,0,2,5,6,0,0,0,1,0,0,0,46,62.2,105.5,96.0,25.8,MID
497,Murphy,Jacob,6.1,0.3,1.3,30,2.3,Newcastle,4,False,49,2,,114243,1,3,1,1,1,16,0,0,0,2,0,0,2,105,144.0,111.2,108.0,36.3,MID
345,Basham,Chris,6.5,0.3,1.4,30,1.5,Sheffield Utd,49,False,46,2,,40386,0,2,0,0,0,32,0,0,0,1,0,0,2,250,320.6,135.4,100.0,55.6,DEF
457,Doherty,Matt,5.1,0.1,0.8,29,3.6,Spurs,6,False,57,0,75.0,87835,1,2,0,1,3,6,0,0,0,1,1,0,3,120,134.4,94.8,53.0,28.4,DEF
107,Kovacic,Mateo,5.5,0.4,2.0,29,1.9,Chelsea,8,False,53,3,100.0,91651,0,3,0,1,4,15,0,0,0,2,0,0,0,168,162.4,173.9,69.0,40.5,MID
18,Pépé,Nicolas,3.8,0.2,1.4,29,2.2,Arsenal,3,False,76,6,100.0,195735,0,3,3,0,0,11,0,0,0,1,1,0,1,93,130.2,51.1,183.0,36.3,MID
315,Greenwood,Mason,4.1,0.2,1.5,29,2.1,Man Utd,1,False,70,2,100.0,220688,0,3,1,0,2,15,0,0,0,1,0,0,0,88,69.4,96.4,247.0,41.1,MID
134,Ward,Joel,6.7,0.8,3.5,29,2.6,Crystal Palace,31,False,43,1,100.0,55494,0,2,0,1,3,19,0,0,0,3,0,0,2,153,174.6,75.2,15.0,26.5,DEF
454,Santos Moutinho,João Filipe Iria,5.6,0.3,1.8,29,1.6,Wolves,39,False,52,1,100.0,19624,0,3,0,0,2,25,0,0,0,2,1,0,0,180,198.4,320.5,38.0,56.0,MID
283,Zinchenko,Oleksandr,5.3,1.0,5.6,29,4.8,Man City,43,False,55,6,100.0,206325,1,2,0,0,4,1,0,0,0,0,0,0,2,119,69.2,48.1,25.0,14.3,DEF
576,Dawson,Craig,6.4,1.3,5.8,29,5.8,West Ham,21,False,45,9,,60232,1,2,1,0,3,3,0,0,0,0,0,0,2,103,93.4,12.3,43.0,14.9,DEF
360,Berge,Sander,5.9,0.0,0.0,29,2.2,Sheffield Utd,49,False,49,0,0.0,207189,0,3,1,1,0,19,0,0,0,4,0,0,1,148,175.8,168.9,126.0,47.0,MID
504,Silva,Fabio,5.6,0.4,2.2,29,2.1,Wolves,39,False,52,0,,449988,0,4,2,0,0,18,0,0,0,2,0,0,2,79,80.6,89.5,321.0,48.9,FWD
23,Smith Rowe,Emile,6.4,1.0,4.6,29,4.8,Arsenal,3,False,45,2,75.0,209289,0,3,0,4,5,1,0,0,0,0,0,0,0,102,93.2,131.2,68.0,29.3,MID
357,McBurnie,Oliver,5.0,0.0,0.0,28,2.2,Sheffield Utd,49,False,56,0,25.0,169432,0,4,1,1,0,17,0,0,0,1,0,0,2,62,132.6,129.6,342.0,60.0,FWD
229,Pérez,Ayoze,4.7,0.2,1.0,28,2.3,Leicester,13,False,60,2,,168580,0,3,1,0,2,8,0,0,0,1,0,0,2,70,124.8,172.3,258.0,55.8,MID
509,Ampadu,Ethan,6.5,0.7,2.8,28,2.0,Sheffield Utd,49,False,43,2,100.0,199598,1,2,0,0,1,21,0,0,0,1,0,0,3,186,248.2,133.2,31.0,41.4,DEF
39,Hause,Kortney,6.4,0.0,0.0,28,7.0,Aston Villa,7,False,44,0,0.0,123354,1,2,1,0,3,1,0,0,0,1,0,0,3,89,91.0,1.5,49.0,14.2,DEF
299,Rodrigues de Paula Santos,Frederico,5.3,0.2,1.2,28,2.0,Man Utd,1,False,53,0,,101582,0,3,0,0,5,13,0,0,0,3,0,0,0,177,197.0,167.9,69.0,43.4,MID
351,Baldock,George,5.5,0.2,0.8,27,1.6,Sheffield Utd,49,False,49,2,100.0,82691,0,2,0,1,0,28,0,0,0,2,0,0,0,175,191.4,201.6,178.0,57.3,DEF
83,Pieters,Erik,6.3,0.8,3.4,27,2.2,Burnley,90,False,43,4,100.0,39487,0,2,0,1,2,10,1,0,0,0,0,0,2,113,100.2,42.3,39.0,18.1,DEF
175,Cairney,Tom,5.2,0.0,0.0,27,2.7,Fulham,54,False,52,0,0.0,76357,0,3,1,1,1,15,0,0,0,2,0,0,2,160,170.6,278.3,124.0,57.3,MID
108,Batshuayi,Michy,4.7,0.3,1.8,27,2.2,Crystal Palace,31,False,57,6,100.0,94245,0,4,1,2,1,10,0,0,0,0,0,0,1,73,84.2,72.5,156.0,31.1,FWD
54,Lallana,Adam,4.4,0.0,0.2,27,1.9,Brighton,36,False,62,0,100.0,39155,0,3,0,1,3,8,0,0,0,0,0,0,0,117,90.6,196.4,117.0,40.0,MID
40,Ibrahim Hassan,Mahmoud Ahmed,5.2,0.1,0.5,27,2.5,Aston Villa,7,False,52,1,100.0,148508,0,3,0,1,4,10,0,0,0,0,0,0,0,78,115.8,122.2,343.0,57.9,MID
355,Lundstram,John,5.3,0.4,2.0,26,1.7,Sheffield Utd,49,False,49,6,100.0,153723,0,3,0,2,2,18,0,0,1,5,1,0,2,127,161.2,266.3,173.0,60.0,MID
424,Burke,Oliver,6.0,0.4,1.8,26,2.0,Sheffield Utd,49,False,43,6,100.0,197937,0,3,1,1,1,11,0,0,0,2,0,0,0,68,88.2,152.1,298.0,53.3,MID
324,Clark,Ciaran,5.8,0.3,1.5,26,2.6,Newcastle,4,False,45,0,0.0,58845,0,2,1,0,2,17,0,0,0,2,0,0,0,142,203.4,16.2,69.0,29.0,DEF
513,Lewis,Jamal,6.2,0.2,0.7,26,1.5,Newcastle,4,False,42,1,100.0,194799,0,2,0,0,2,27,0,0,0,4,0,0,1,164,176.8,163.6,23.0,36.1,DEF
587,Benrahma,Saïd,4.3,0.4,2.2,26,2.2,West Ham,21,False,60,2,,172841,0,3,0,2,2,7,0,0,0,0,0,0,0,87,102.2,120.2,228.0,45.2,MID
15,Maitland-Niles,Ainsley,5.7,0.3,1.6,26,2.4,Arsenal,3,False,46,0,,154043,0,2,0,1,2,6,0,0,0,0,0,0,1,110,77.6,42.7,22.0,14.3,DEF
22,Nketiah,Edward,4.7,0.0,0.2,26,2.0,Arsenal,3,False,55,0,,205533,0,4,1,1,0,6,0,0,0,0,0,0,4,81,74.4,58.8,120.0,24.9,FWD
412,Bartley,Kyle,5.7,0.3,1.4,25,2.1,West Brom,35,False,44,1,100.0,59940,0,2,1,1,1,25,0,0,0,1,0,0,0,151,279.2,14.7,95.0,38.8,DEF
70,Ryan,Mathew,6.0,0.0,0.0,25,2.3,Arsenal,3,False,42,0,,131897,0,1,0,0,2,19,0,0,0,1,0,16,0,161,132.4,0.3,0.0,13.2,GKP
109,Rüdiger,Antonio,5.3,0.9,4.0,24,4.8,Chelsea,8,False,45,7,,102380,0,2,0,0,3,3,0,0,0,0,0,0,3,117,106.0,23.5,59.0,18.9,DEF
218,Fuchs,Christian,5.3,0.0,0.0,24,2.7,Leicester,13,False,45,0,100.0,37402,0,2,0,0,3,9,0,0,0,4,0,0,2,112,137.0,33.9,22.0,19.2,DEF
241,Milner,James,4.5,0.2,0.8,24,2.2,Liverpool,14,False,53,0,100.0,15157,1,3,0,2,3,1,0,0,0,1,0,0,2,102,91.8,109.6,41.0,24.2,MID
80,Mac Allister,Alexis,4.5,0.5,2.4,24,3.0,Brighton,36,False,53,2,100.0,243016,0,3,1,1,2,3,0,0,0,1,0,0,3,75,93.8,75.9,39.0,20.7,MID
418,Townsend,Conor,5.5,0.0,0.0,24,3.0,West Brom,35,False,44,0,100.0,108053,0,2,0,0,2,10,0,0,0,0,0,0,3,128,139.0,74.2,50.0,26.3,DEF
320,Carroll,Andy,4.6,0.4,2.0,24,2.0,Newcastle,4,False,52,0,100.0,40142,0,4,1,1,1,8,0,0,0,1,0,0,3,64,57.2,36.0,152.0,23.5,FWD
411,Phillips,Matt,4.7,0.2,0.8,24,1.6,West Brom,35,False,51,1,100.0,50229,0,3,0,1,0,20,0,0,0,1,0,0,1,79,97.0,170.1,82.0,34.9,MID
274,Mendy,Benjamin,4.1,0.0,0.0,24,4.0,Man City,43,False,59,0,100.0,102826,1,2,1,0,2,8,0,0,0,2,0,0,2,96,72.8,40.2,35.0,14.6,DEF
392,Rodrigues Moura da Silva,Lucas,3.6,0.1,0.5,24,1.7,Spurs,6,False,67,0,100.0,95715,0,3,1,0,1,7,0,0,0,0,0,0,1,60,77.2,55.6,125.0,25.6,MID
321,Shelvey,Jonjo,4.3,0.2,1.2,23,1.9,Newcastle,4,False,53,2,100.0,50232,0,3,0,0,2,18,0,0,0,2,0,0,0,146,167.6,249.9,141.0,55.9,MID
526,El Sayed Elneny,Mohamed Naser,5.3,0.2,1.0,23,1.9,Arsenal,3,False,43,1,100.0,153256,0,3,0,0,3,12,0,0,0,2,0,0,0,140,108.2,73.2,28.0,20.8,MID
138,Milivojevic,Luka,4.1,0.4,2.5,23,1.4,Crystal Palace,31,False,56,2,100.0,66975,0,3,0,0,2,25,0,0,0,4,1,0,0,147,143.4,151.1,61.0,35.5,MID
486,Dann,Scott,5.3,0.0,0.0,23,2.9,Crystal Palace,31,False,43,0,100.0,19188,0,2,1,0,1,11,0,0,0,1,0,0,1,124,156.4,13.6,87.0,25.8,DEF
295,Matic,Nemanja,4.9,0.3,1.5,23,1.9,Man Utd,1,False,47,2,100.0,62398,0,3,0,1,3,13,0,0,0,2,0,0,0,134,133.8,101.9,25.0,26.1,MID
336,Hayden,Isaac,4.9,0.3,1.2,23,1.5,Newcastle,4,False,47,2,100.0,153127,0,3,0,0,2,22,0,0,0,6,0,0,0,114,158.0,67.8,81.0,30.8,MID
152,Coleman,Seamus,4.6,0.3,1.3,22,2.0,Everton,11,False,48,1,100.0,59949,0,2,0,1,1,9,0,0,0,0,0,0,1,124,130.8,64.5,57.0,25.3,DEF
3,Luiz Moreira Marinho,David,4.1,0.5,2.6,22,2.0,Arsenal,3,False,54,2,100.0,41270,0,2,0,0,2,10,0,0,0,1,0,0,0,117,119.0,29.6,56.0,20.4,DEF
353,Egan,John,4.7,0.4,2.0,22,1.2,Sheffield Utd,49,False,47,0,100.0,108416,0,2,0,0,1,31,0,0,0,5,1,0,1,200,292.6,22.1,57.0,37.1,DEF
158,Tavares Gomes,André Filipe,4.2,0.4,2.3,22,1.7,Everton,11,False,53,2,100.0,120250,0,3,0,1,2,9,0,0,0,2,0,0,0,78,79.2,100.9,40.0,21.7,MID
568,Telles,Alex Nicolao,4.0,0.2,1.3,22,3.1,Man Utd,1,False,55,7,100.0,152590,0,2,0,2,1,8,0,0,0,0,0,0,3,118,123.8,171.4,30.0,32.5,DEF
61,Burn,Dan,5.0,0.4,1.6,21,1.8,Brighton,36,False,42,0,,78916,0,2,0,0,2,14,1,0,0,3,0,0,0,122,107.0,52.3,62.0,21.7,DEF
263,Jones,Curtis,4.8,0.2,0.8,21,1.8,Liverpool,14,False,44,0,,206915,0,3,0,0,3,8,0,0,0,1,0,0,0,91,108.2,138.5,154.0,40.1,MID
502,Marques Loureiro,Allan,4.0,0.0,0.0,21,1.8,Everton,11,False,52,0,0.0,119765,0,3,0,0,2,16,0,0,0,4,0,0,0,140,177.4,99.0,27.0,30.5,MID
86,Rodriguez,Jay,3.6,0.1,0.8,21,1.4,Burnley,90,False,58,2,100.0,44683,0,4,0,1,2,14,0,0,0,3,0,0,0,55,44.4,57.7,132.0,22.9,FWD
279,Aké,Nathan,3.9,0.0,0.0,21,3.5,Man City,43,False,54,0,0.0,126184,0,2,1,0,2,7,0,0,0,3,0,0,1,97,108.0,35.5,23.0,16.6,DEF
480,Longstaff,Sean,4.5,0.1,0.7,21,1.8,Newcastle,4,False,47,0,,180135,0,3,0,0,1,16,0,0,0,2,0,0,1,103,84.0,94.8,76.0,25.3,MID
33,Hourihane,Conor,3.4,0.0,0.0,20,5.0,Aston Villa,7,False,59,0,0.0,85242,1,3,1,1,2,2,0,0,0,0,0,0,3,70,65.4,82.9,33.0,18.2,MID
262,Brewster,Rhian,4.4,0.3,1.2,20,1.2,Sheffield Utd,49,False,45,1,100.0,195473,0,4,0,0,1,9,0,0,0,0,0,0,0,45,41.0,86.6,115.0,23.9,FWD
403,Lo Celso,Giovani,2.9,0.0,0.0,20,1.8,Spurs,6,False,69,0,0.0,200826,0,3,1,1,2,4,0,0,0,3,0,0,0,71,107.6,126.7,96.0,32.7,MID
211,Struijk,Pascal,5.1,0.7,2.8,20,2.0,Leeds,2,False,39,2,,222694,0,2,0,0,2,16,0,0,0,1,0,0,1,143,158.2,26.8,12.0,19.5,DEF
349,Norwood,Oliver,4.4,0.4,1.6,20,1.4,Sheffield Utd,49,False,45,2,,79934,0,3,0,0,1,16,0,0,0,3,0,0,0,120,134.4,212.2,14.0,36.0,MID
507,Fraser,Ryan,3.6,0.0,0.2,20,2.0,Newcastle,4,False,56,2,100.0,90105,0,3,0,3,1,10,0,0,0,0,1,0,0,60,44.0,98.3,60.0,19.9,MID
343,Sharp,Billy,3.6,0.3,1.6,20,2.5,Sheffield Utd,49,False,55,2,100.0,18867,0,4,2,0,0,5,0,0,0,1,0,0,3,45,69.6,17.9,100.0,18.6,FWD
439,Lanzini,Manuel,3.0,0.2,1.0,19,1.7,West Ham,21,False,64,0,100.0,86934,0,3,1,1,0,3,0,0,0,1,0,0,0,68,79.0,69.5,89.0,23.6,MID
577,Clyne,Nathaniel,4.2,0.0,0.0,19,2.1,Crystal Palace,31,False,45,0,,57328,0,2,0,1,1,16,0,0,0,1,0,0,0,126,117.6,49.5,29.0,19.8,DEF
163,Davies,Tom,3.7,0.3,1.7,19,1.7,Everton,11,False,52,2,,173807,0,3,0,0,2,6,0,0,0,1,0,0,0,97,89.8,45.7,2.0,13.8,MID
290,Mata,Juan,3.3,0.0,0.0,19,3.2,Man Utd,1,False,58,0,,43670,0,3,0,3,1,3,0,0,0,0,0,0,0,76,66.2,121.9,67.0,25.5,MID
365,Redmond,Nathan,3.0,0.0,0.2,19,1.9,Southampton,20,False,64,1,100.0,83283,0,3,1,0,1,5,0,0,0,0,0,0,0,56,69.0,53.6,91.0,21.2,MID
310,Bailly,Eric,3.9,0.7,3.2,19,2.7,Man Utd,1,False,49,0,75.0,197365,0,2,0,0,2,11,0,0,0,2,0,0,4,119,126.0,5.1,20.0,15.2,DEF
266,Luiz Rosa,Fernando,3.5,0.3,1.4,19,2.1,Man City,43,False,54,0,100.0,27789,0,2,0,0,2,3,0,0,0,1,0,0,0,94,59.8,29.8,45.0,13.6,DEF
356,Osborn,Ben,4.0,0.3,1.4,19,1.6,Sheffield Utd,49,False,48,0,25.0,167878,0,3,0,0,1,13,0,0,0,1,0,0,0,112,127.6,169.4,59.0,35.8,MID
409,Livermore,Jake,3.8,0.3,1.2,18,1.4,West Brom,35,False,47,2,100.0,49944,0,3,0,0,1,30,1,0,0,2,1,0,0,80,112.6,66.2,53.0,22.8,MID
530,Ivanovic,Branislav,4.0,0.0,0.2,18,1.6,West Brom,35,False,45,0,100.0,41135,0,2,0,0,2,18,0,0,0,2,0,0,0,113,114.8,12.7,61.0,18.8,DEF
139,van Aanholt,Patrick,3.3,0.0,0.0,18,1.8,Crystal Palace,31,False,54,0,100.0,74230,0,2,0,2,0,20,0,0,0,1,0,0,0,140,137.6,138.7,131.0,40.8,DEF
347,Stevens,Enda,3.6,0.1,0.6,18,1.2,Sheffield Utd,49,False,50,0,75.0,63426,0,2,0,0,0,28,0,0,0,3,0,0,0,177,224.2,101.1,99.0,42.5,DEF
332,Manquillo,Javier,4.0,0.0,0.2,17,2.4,Newcastle,4,False,42,0,100.0,109528,0,2,0,0,2,9,0,0,0,1,0,0,0,84,63.6,76.9,14.0,15.5,DEF
555,Krovinovic,Filip,3.5,0.0,0.2,17,1.5,West Brom,35,False,49,0,0.0,200878,0,3,0,0,1,11,0,0,0,0,0,0,0,97,74.4,103.6,50.0,22.8,MID
258,Minamino,Takumi,2.8,0.0,0.2,17,1.9,Liverpool,14,False,60,0,,157882,0,3,1,0,1,4,0,0,0,0,0,0,0,61,59.4,14.6,118.0,19.1,MID
193,Hernández Domínguez,Pablo,3.0,0.1,0.8,17,1.9,Leeds,2,False,57,0,100.0,28690,0,3,0,2,0,5,0,0,0,0,0,0,0,66,67.6,78.0,78.0,22.4,MID
495,van de Beek,Donny,2.6,0.0,0.2,17,1.5,Man Utd,1,False,66,1,,180184,0,3,1,0,0,9,0,0,0,0,0,0,0,67,75.6,40.1,59.0,17.5,MID
505,Marçal,Fernando,3.4,0.0,0.0,16,1.6,Wolves,39,False,47,0,0.0,111291,0,2,0,0,1,9,0,0,0,2,0,0,0,97,93.4,40.5,11.0,14.7,DEF
334,Schär,Fabian,3.3,0.3,1.3,16,1.2,Newcastle,4,False,49,0,100.0,119471,0,2,0,0,1,17,0,0,0,4,0,0,0,114,180.4,6.5,44.0,23.1,DEF
567,Partey,Thomas,3.3,0.4,1.8,16,2.0,Arsenal,3,False,49,2,75.0,167199,0,3,0,1,2,5,0,0,0,1,0,0,0,90,102.8,61.3,30.0,19.4,MID
328,Lascelles,Jamaal,3.8,0.1,0.3,16,1.5,Newcastle,4,False,42,1,100.0,101148,0,2,0,0,1,20,0,0,0,2,0,0,0,119,173.4,23.6,91.0,28.9,DEF
129,Tomkins,James,3.3,0.7,3.2,15,3.0,Crystal Palace,31,False,45,0,0.0,49413,0,2,0,0,2,8,0,0,0,1,0,0,2,75,65.2,0.8,10.0,7.6,DEF
250,van Dijk,Virgil,2.4,0.0,0.0,15,3.0,Liverpool,14,False,63,0,0.0,97032,0,2,1,0,1,11,0,0,0,1,0,0,1,73,82.4,4.8,66.0,15.3,DEF
436,Yarmolenko,Andriy,2.7,0.3,1.8,15,1.2,West Ham,21,False,55,1,100.0,56377,0,3,0,1,1,5,0,0,0,2,0,0,0,45,49.6,75.8,106.0,23.0,MID
510,Bogle,Jayden,3.5,0.4,1.6,15,3.0,Sheffield Utd,49,False,43,1,,226182,0,2,1,0,1,7,0,0,0,1,0,0,0,53,82.6,44.0,126.0,25.2,DEF
493,Lemina,Mario,3.3,0.1,0.5,15,1.2,Fulham,54,False,45,1,100.0,151086,0,3,0,0,0,9,0,0,0,1,0,0,0,74,79.0,65.5,23.0,16.8,MID
5,Soares,Cédric,3.3,0.6,2.8,15,5.0,Arsenal,3,False,46,2,100.0,58822,0,2,0,1,1,1,0,0,0,0,0,0,3,53,45.0,54.9,9.0,10.9,DEF
79,Alzate,Steven,3.3,0.0,0.0,14,1.8,Brighton,36,False,43,0,100.0,235382,0,3,0,0,2,13,0,0,0,1,0,0,0,74,61.0,105.0,29.0,19.6,MID
90,Gudmundsson,Johann Berg,2.6,0.2,1.0,14,1.8,Burnley,90,False,54,1,100.0,60586,0,3,0,0,2,5,0,0,0,0,0,0,0,41,32.6,37.2,53.0,12.3,MID
565,Diallo,Ibrahima,3.1,0.3,1.5,14,1.4,Southampton,20,False,45,2,100.0,240143,0,3,0,0,2,7,0,0,0,2,0,0,0,47,42.2,25.4,14.0,8.2,MID
543,Bale,Gareth,1.5,0.0,0.0,14,3.5,Spurs,6,False,93,0,100.0,36903,0,3,1,0,1,4,0,0,0,0,0,0,3,37,45.2,54.6,61.0,16.1,MID
515,Ferreira,Vitor,2.9,0.2,0.8,14,1.4,Wolves,39,False,48,0,,437858,0,3,0,1,0,3,0,0,0,0,0,0,0,54,35.0,44.8,25.0,10.6,MID
541,Ünder,Cengiz,2.5,0.0,0.2,14,2.0,Leicester,13,False,57,1,100.0,228798,0,3,0,2,0,3,0,0,0,0,0,0,0,57,70.2,81.5,87.0,23.9,MID
10,Marí,Pablo,3.2,0.6,2.6,14,4.7,Arsenal,3,False,44,0,0.0,92371,0,2,0,0,2,1,0,0,0,1,0,0,1,63,59.0,11.7,4.0,7.4,DEF
154,Anício Caldeira Duarte,Bernard,2.3,0.2,1.0,13,2.2,Everton,11,False,57,0,,100649,0,3,1,0,1,4,0,0,0,2,0,0,1,44,78.0,88.4,61.0,22.8,MID
280,Laporte,Aymeric,2.2,0.0,0.2,13,2.6,Man City,43,False,60,1,100.0,146941,0,2,0,0,1,4,0,0,0,1,0,0,2,69,62.8,28.4,16.0,10.7,DEF
517,Tete,Kenny,3.0,0.7,2.8,13,2.2,Fulham,54,False,43,6,100.0,167074,0,2,0,1,1,10,0,0,0,1,0,0,0,94,132.2,155.8,34.0,32.2,DEF
352,Robinson,Jack,3.1,0.0,0.2,13,1.6,Sheffield Utd,49,False,42,0,75.0,83427,0,2,0,1,0,10,0,0,0,2,0,0,0,70,87.8,11.6,35.0,13.4,DEF
335,Yedlin,DeAndre,3.0,0.3,1.5,13,2.2,Newcastle,4,False,43,0,0.0,151119,0,2,0,0,1,6,0,0,0,0,0,0,0,68,58.6,41.8,20.0,12.0,DEF
71,Jahanbakhsh,Alireza,2.4,0.0,0.2,13,1.2,Brighton,36,False,54,0,0.0,165210,0,3,0,1,0,6,0,0,0,2,0,0,0,62,51.4,94.5,143.0,28.8,MID
329,Gayle,Dwight,2.2,0.1,0.3,13,2.2,Newcastle,4,False,59,1,100.0,104547,0,4,1,0,0,3,0,0,0,0,0,0,3,42,37.4,16.9,64.0,11.4,FWD
361,Long,Shane,2.4,0.1,0.5,12,1.1,Southampton,20,False,51,0,,20452,0,4,0,0,1,6,0,0,0,0,0,0,0,21,9.8,6.4,19.0,3.4,FWD
322,Ritchie,Matt,2.4,0.2,1.0,12,1.5,Newcastle,4,False,49,0,100.0,56983,0,3,0,0,1,7,1,0,0,1,0,0,0,66,76.6,204.0,38.0,31.9,MID
425,O'Shea,Dara,2.8,0.0,0.2,12,0.8,West Brom,35,False,43,-1,,216616,0,2,0,0,0,40,0,0,0,2,0,0,0,150,288.8,51.2,36.0,37.8,DEF
438,Fredericks,Ryan,2.9,0.3,1.4,12,2.0,West Ham,21,False,42,1,100.0,81012,0,2,0,1,1,5,0,0,0,2,0,0,0,72,84.8,122.0,63.0,27.1,DEF
29,El Mohamady,Ahmed,2.8,0.0,0.0,12,2.4,Aston Villa,7,False,43,0,,37339,1,2,0,0,1,0,0,0,0,0,0,0,2,43,27.2,73.0,21.0,12.2,DEF
182,Bryan,Joe,2.6,0.1,0.5,12,1.1,Fulham,54,False,46,1,,101105,0,2,0,1,0,13,0,0,0,2,0,0,0,85,72.2,55.9,47.0,17.5,DEF
93,Vydra,Matej,2.5,0.1,0.6,12,1.1,Burnley,90,False,48,1,100.0,81183,0,4,0,0,0,2,0,0,0,0,0,0,0,28,12.8,29.9,118.0,15.7,FWD
261,Keita,Naby,2.3,0.0,0.0,12,1.7,Liverpool,14,False,52,0,0.0,175592,0,3,0,0,2,7,0,0,0,0,0,0,0,60,44.2,54.5,111.0,21.0,MID
131,McCarthy,James,2.8,0.2,0.8,12,1.7,Crystal Palace,31,False,43,0,100.0,50472,0,3,0,0,1,9,0,0,0,1,0,0,0,58,64.8,29.7,8.0,10.2,MID
603,Bryan,Kean,2.8,0.4,1.6,11,2.8,Sheffield Utd,49,False,39,7,100.0,109638,0,2,1,0,0,3,0,0,0,0,0,0,0,44,66.0,16.8,37.0,12.0,DEF
584,Rodon,Joe,2.2,0.1,0.5,11,2.2,Spurs,6,False,50,0,,214225,0,2,0,0,1,1,0,0,0,0,0,0,0,53,39.2,0.3,0.0,4.0,DEF
85,Long,Kevin,2.6,0.0,0.0,11,1.8,Burnley,90,False,43,0,100.0,41674,0,2,0,0,1,12,0,0,0,2,0,0,1,76,94.2,11.5,16.0,12.2,DEF
311,James,Daniel,1.8,0.0,0.2,11,1.8,Man Utd,1,False,62,0,,200617,0,3,1,0,0,5,0,0,0,2,0,0,0,43,58.6,56.0,147.0,26.2,MID
427,Noble,Mark,2.4,0.1,0.4,11,1.1,West Ham,21,False,46,1,100.0,18073,0,3,0,0,0,6,0,0,0,1,0,0,0,41,19.0,35.0,6.0,5.9,MID
238,Söyüncü,Çaglar,2.1,0.2,0.8,11,1.6,Leicester,13,False,53,1,100.0,218031,0,2,0,0,1,8,0,0,0,1,0,0,0,78,98.4,25.1,46.0,16.9,DEF
210,Shackleton,Jamie,2.3,0.1,0.5,11,1.2,Leeds,2,False,48,0,100.0,221610,0,3,0,0,1,6,0,0,0,0,0,0,0,45,46.6,39.0,16.0,10.0,MID
206,Roberts,Tyler,2.1,0.1,0.5,10,1.0,Leeds,2,False,47,1,,173821,0,3,0,0,0,7,0,0,0,0,0,0,0,33,33.0,47.1,66.0,14.7,MID
233,Iheanacho,Kelechi,1.8,0.1,0.5,10,1.0,Leicester,13,False,56,0,,173515,0,4,0,0,1,2,0,0,1,0,0,0,0,19,16.8,54.4,157.0,22.8,FWD
397,Winks,Harry,1.9,0.2,1.0,10,1.2,Spurs,6,False,52,0,100.0,157668,0,3,0,0,1,9,0,0,0,4,0,0,0,64,74.8,48.3,16.0,13.8,MID
247,Shaqiri,Xherdan,1.6,0.2,1.0,10,1.7,Liverpool,14,False,64,0,100.0,68312,0,3,0,1,1,1,0,0,0,2,0,0,0,46,41.8,102.9,53.0,19.8,MID
260,Gomez,Joseph,1.9,0.0,0.0,10,1.4,Liverpool,14,False,52,0,0.0,171287,0,2,0,0,0,14,0,0,0,0,0,0,0,94,106.8,18.1,0.0,12.5,DEF
531,Alcántara do Nascimento,Thiago,1.8,0.2,1.4,10,1.7,Liverpool,14,False,57,0,100.0,61558,0,3,0,0,1,4,0,0,0,1,0,0,0,71,85.6,127.7,64.0,27.8,MID
209,Poveda-Ocampo,Ian Carlo,2.3,0.1,0.5,10,1.0,Leeds,2,False,43,0,,215460,0,3,0,0,0,4,0,0,0,0,0,0,0,29,42.6,47.5,87.0,17.7,MID
452,Johnson,Ben,2.6,0.0,0.0,10,2.5,West Ham,21,False,39,0,,222018,0,2,1,0,0,2,0,0,0,0,0,0,0,32,44.6,3.8,17.0,6.5,DEF
387,Lamela,Erik,1.8,0.0,0.2,10,1.4,Spurs,6,False,57,0,100.0,62974,0,3,0,1,0,5,0,0,0,1,0,0,0,34,25.0,35.3,95.0,15.2,MID
487,Longstaff,Matthew,2.0,0.2,1.2,10,2.0,Newcastle,4,False,49,0,100.0,223175,0,3,0,0,1,8,0,0,0,0,0,0,0,47,32.6,35.6,2.0,7.0,MID
535,Benson,Josh,2.0,0.1,0.6,9,1.8,Burnley,90,False,45,0,,217401,0,3,0,0,1,7,0,0,0,0,0,0,0,24,12.0,7.9,13.0,3.3,MID
589,Phillips,Nathaniel,2.2,0.2,1.0,9,3.0,Liverpool,14,False,40,0,,197464,0,2,0,0,1,2,0,0,0,1,0,0,0,48,59.2,14.3,6.0,8.0,DEF
398,Sánchez,Davinson,1.7,0.2,0.8,9,1.3,Spurs,6,False,52,0,,173904,0,2,0,0,0,9,1,0,0,0,0,0,0,67,97.6,4.3,88.0,19.0,DEF
554,Ramsey,Jacob,2.0,0.2,0.8,9,1.3,Aston Villa,7,False,45,0,,232653,0,3,0,0,1,2,0,0,0,0,0,0,0,20,8.6,13.8,31.0,5.2,MID
44,Nakamba,Marvelous,1.9,0.2,0.8,8,1.6,Aston Villa,7,False,43,0,,184704,0,3,0,0,2,0,0,0,0,1,0,0,0,30,23.2,16.8,8.0,4.9,MID
359,Mousset,Lys,1.4,0.1,0.8,8,1.3,Sheffield Utd,49,False,58,0,100.0,178304,0,4,0,0,0,5,0,0,0,0,0,0,0,9,10.8,34.3,45.0,8.9,FWD
519,Dunne,Jimmy,2.1,0.0,0.0,8,4.0,Burnley,90,False,38,0,100.0,218023,0,2,1,0,0,5,0,0,0,0,0,0,0,35,66.2,21.2,38.0,12.6,DEF
264,Williams,Neco,2.1,0.0,0.0,8,2.0,Liverpool,14,False,39,0,,215136,0,2,0,0,1,0,0,0,0,1,0,0,0,32,21.2,18.5,20.0,5.8,DEF
590,N'Lundulu,Daniel,1.8,0.2,0.8,8,1.0,Southampton,20,False,45,1,,200088,0,4,0,0,0,1,0,0,0,0,0,0,0,19,3.0,12.2,14.0,2.9,FWD
190,Kamara,Aboubakar,1.7,0.2,0.8,8,0.7,Fulham,54,False,48,0,100.0,197030,0,3,0,0,0,9,0,0,0,1,1,0,0,14,22.6,76.8,39.0,13.2,MID
410,Grosicki,Kamil,1.5,0.3,1.4,8,2.7,West Brom,35,False,53,0,100.0,49957,0,3,0,1,0,5,0,0,0,0,0,0,0,29,22.4,35.2,15.0,7.2,MID
26,Martinelli Silva,Gabriel Teodoro,1.6,0.2,0.8,8,2.0,Arsenal,3,False,49,0,100.0,444145,0,3,0,0,2,0,0,0,0,0,0,0,0,10,10.8,4.2,72.0,8.6,MID
573,Olsen,Robin,1.6,0.0,0.0,7,3.5,Everton,11,False,45,0,,111782,0,1,0,0,1,2,0,0,0,0,0,4,0,36,35.8,0.0,0.0,3.6,GKP
560,Kelleher,Caoimhin,1.6,0.0,0.0,7,7.0,Liverpool,14,False,45,0,,200720,1,1,0,0,1,0,0,0,0,0,0,3,0,26,28.2,0.0,0.0,2.8,GKP
125,Cahill,Gary,1.6,0.0,0.2,7,1.0,Crystal Palace,31,False,45,1,100.0,19419,0,2,0,0,0,19,0,0,0,0,0,0,0,89,126.6,35.7,36.0,19.9,DEF
111,Palmieri dos Santos,Emerson,1.5,0.0,0.0,7,3.5,Chelsea,8,False,47,0,,109533,0,2,0,0,1,0,0,0,0,0,0,0,0,24,17.4,7.7,2.0,2.7,DEF
176,Ream,Tim,1.7,0.0,0.0,7,1.4,Fulham,54,False,42,0,,82514,0,2,0,0,0,10,0,0,0,0,0,0,0,78,82.6,4.7,0.0,8.8,DEF
248,Oxlade-Chamberlain,Alex,1.1,0.1,0.4,7,1.8,Liverpool,14,False,63,0,100.0,81880,0,3,0,1,0,1,0,0,0,0,0,0,0,22,26.0,27.7,18.0,7.2,MID
20,Willock,Joseph,1.5,0.1,0.4,7,1.0,Arsenal,3,False,47,1,,200089,0,3,0,0,0,3,0,0,0,1,0,0,0,18,21.2,29.7,52.0,10.1,MID
55,Stephens,Dale,1.6,0.0,0.2,7,1.4,Burnley,90,False,43,0,100.0,40845,0,3,0,0,0,4,0,0,0,0,0,0,0,31,28.8,7.9,41.0,7.8,MID
59,Pröpper,Davy,1.5,0.3,1.4,7,1.4,Brighton,36,False,48,1,100.0,66242,0,3,0,0,0,2,0,0,0,0,0,0,0,28,18.4,4.7,52.0,7.6,MID
333,Krafth,Emil,1.7,0.0,0.2,7,1.4,Newcastle,4,False,42,0,100.0,111773,0,2,0,1,0,12,0,0,0,1,0,0,0,58,72.0,30.7,6.0,10.8,DEF
408,Robson-Kanu,Hal,1.3,0.1,0.4,7,0.9,West Brom,35,False,52,0,100.0,49440,0,4,0,0,0,5,0,0,0,1,0,0,0,0,11.4,11.9,25.0,4.8,FWD
511,Lowe,Max,1.6,0.0,0.0,7,1.2,Sheffield Utd,49,False,43,0,100.0,155197,0,2,0,0,0,8,0,0,0,1,0,0,0,29,70.6,10.5,33.0,11.4,DEF
414,Hegazy,Ahmed El-Sayed,1.5,0.0,0.0,6,6.0,West Brom,35,False,41,0,0.0,77777,0,2,0,0,1,0,0,0,0,0,0,0,0,24,19.6,0.3,0.0,2.0,DEF
149,Delph,Fabian,1.2,0.0,0.0,6,1.2,Everton,11,False,49,0,0.0,41823,0,3,0,0,0,5,0,0,0,0,0,0,0,38,26.2,18.6,1.0,4.6,MID
581,Otasowie,Owen,1.3,0.0,0.2,6,1.5,Wolves,39,False,45,0,,250604,0,3,0,1,0,3,0,0,0,1,0,0,0,26,37.2,24.0,12.0,7.3,MID
430,Randolph,Darren,1.4,0.3,1.2,6,6.0,West Ham,21,False,44,0,75.0,32259,0,1,0,0,1,0,0,0,0,0,0,2,0,23,13.6,0.0,0.0,1.4,GKP
523,Forster,Fraser,1.5,0.4,1.5,6,6.0,Southampton,20,False,40,0,,40383,0,1,0,0,1,0,0,0,0,0,0,1,0,24,12.2,0.0,0.0,1.2,GKP
180,Kebano,Neeskens,1.3,0.0,0.0,6,1.2,Fulham,54,False,47,0,100.0,92259,0,3,0,0,0,3,0,0,0,0,0,0,0,13,1.4,14.6,47.0,5.9,MID
428,Snodgrass,Robert,1.1,0.1,0.6,6,1.2,West Brom,35,False,57,1,100.0,18987,0,3,0,0,0,7,0,0,0,0,0,0,0,26,17.6,17.7,26.0,6.1,MID
268,Agüero,Sergio,0.6,0.0,0.2,6,1.2,Man City,43,False,103,0,0.0,37572,0,4,0,0,1,2,0,0,0,0,0,0,0,20,7.2,36.9,65.0,10.4,FWD
112,Arrizabalaga,Kepa,1.3,0.0,0.0,6,2.0,Chelsea,8,False,47,0,100.0,109745,0,1,0,0,0,6,0,0,0,0,0,8,0,40,50.8,0.0,0.0,5.0,GKP
545,Hoever,Ki-Jana,1.1,0.1,0.6,5,1.0,Wolves,39,False,44,1,,441271,0,2,0,0,0,3,0,0,0,1,0,0,0,26,37.0,36.4,8.0,8.2,DEF
188,Onomah,Josh,1.1,0.1,0.5,5,1.2,Fulham,54,False,46,0,100.0,168765,0,3,0,0,0,7,0,0,0,0,0,0,0,12,13.2,7.5,2.0,2.2,MID
524,Tella,Nathan,1.1,0.0,0.2,5,1.0,Southampton,20,False,44,0,75.0,203389,0,3,0,0,0,2,0,0,0,0,0,0,0,8,3.0,2.8,4.0,0.7,MID
305,Henderson,Dean,1.0,0.0,0.0,5,1.7,Man Utd,1,False,52,0,,172649,0,1,0,0,0,3,0,0,0,1,0,11,0,38,65.2,0.0,0.0,6.5,GKP
50,Davis,Keinan,1.2,0.1,0.5,5,1.0,Aston Villa,7,False,43,1,100.0,221239,0,4,0,0,0,0,0,0,0,0,0,0,0,15,4.6,15.9,58.0,7.7,FWD
160,Kenny,Jonjoe,1.2,0.0,0.0,5,1.2,Everton,11,False,43,0,100.0,153673,0,2,0,0,0,1,0,0,0,0,0,0,0,19,11.0,8.1,8.0,2.8,DEF
415,Austin,Charlie,1.0,0.0,0.2,5,1.0,West Brom,35,False,51,0,0.0,78356,0,4,0,0,0,5,0,0,0,0,0,0,0,10,20.0,3.9,26.0,5.0,FWD
75,Fernandes da Silva Junior,Bernardo,1.3,0.2,0.8,5,1.7,Brighton,36,False,39,0,0.0,209362,0,2,0,0,0,3,0,0,0,0,0,0,0,30,27.2,32.4,69.0,12.8,DEF
421,Edwards,Kyle,1.1,0.0,0.0,5,1.0,West Brom,35,False,47,0,,174593,0,3,0,0,0,3,0,0,0,0,0,0,0,15,13.0,12.8,39.0,6.4,MID
379,Smallbone,William,1.1,0.1,0.5,5,1.7,Southampton,20,False,44,0,0.0,214466,0,3,0,0,0,5,0,0,0,0,0,0,0,17,16.8,7.4,9.0,3.3,MID
256,Origi,Divock,1.0,0.1,0.4,5,1.0,Liverpool,14,False,52,0,,152760,0,4,0,0,0,0,0,0,0,0,0,0,0,11,6.8,3.5,35.0,4.5,FWD
331,Dummett,Paul,0.9,0.1,0.3,4,2.0,Newcastle,4,False,44,0,0.0,106618,0,2,0,0,0,2,0,0,0,0,0,0,0,15,13.6,2.1,0.0,1.6,DEF
407,Gibbs,Kieran,0.9,0.1,0.4,4,0.4,West Brom,35,False,43,0,100.0,42427,0,2,0,0,0,23,0,0,0,1,1,0,0,94,115.4,45.4,10.0,17.2,DEF
394,Alli,Bamidele,0.5,0.0,0.0,4,1.0,Spurs,6,False,74,0,75.0,108823,0,3,0,0,0,1,0,0,0,0,0,0,0,13,11.4,14.0,27.0,5.2,MID
564,Alves Morais,Carlos Vinicius,0.6,0.1,0.8,4,1.0,Spurs,6,False,69,0,100.0,245824,0,4,0,0,0,0,0,0,0,0,0,0,0,10,5.2,10.4,21.0,3.6,FWD
240,Thomas,Luke,1.0,0.0,0.0,4,1.0,Leicester,13,False,42,0,,244619,0,2,0,0,0,4,0,0,0,1,0,0,0,24,35.8,18.5,13.0,6.6,DEF
451,Diop,Issa,0.9,0.0,0.0,4,1.0,West Ham,21,False,43,0,100.0,219924,0,2,0,0,0,5,0,0,0,1,0,0,0,40,64.6,1.9,0.0,6.7,DEF
153,Tosun,Cenk,0.7,0.0,0.3,4,0.8,Everton,11,False,60,0,100.0,66838,0,4,0,0,0,3,0,0,0,1,0,0,0,12,2.2,11.6,4.0,1.8,FWD
127,Sakho,Mamadou,0.9,0.0,0.0,4,1.0,Crystal Palace,31,False,44,0,0.0,40784,0,2,0,0,0,8,0,0,0,0,0,0,0,33,36.6,1.6,6.0,4.5,DEF
473,Gibbs-White,Morgan,0.6,0.1,0.6,3,1.5,Wolves,39,False,49,0,100.0,222531,0,3,0,0,0,1,0,0,0,0,0,0,0,15,11.2,36.8,2.0,5.0,MID
594,Williams,Rhys,0.8,0.0,0.0,3,1.5,Liverpool,14,False,40,0,100.0,219937,0,2,0,0,0,2,0,0,0,0,0,0,0,17,21.0,15.2,4.0,4.0,DEF
227,Amartey,Daniel,0.8,0.0,0.0,3,0.8,Leicester,13,False,39,0,100.0,155569,0,2,0,0,0,5,0,0,0,1,0,0,0,40,38.0,3.0,6.0,4.7,DEF
7,Mustafi,Shkodran,0.6,0.0,0.0,3,1.0,Arsenal,3,False,50,0,100.0,69140,0,2,0,0,0,1,0,0,0,0,0,0,0,16,11.6,1.0,0.0,1.3,DEF
168,Gordon,Anthony,0.7,0.0,0.0,3,1.0,Everton,11,False,43,0,,232826,0,3,0,0,0,0,0,0,0,0,0,0,0,11,14.4,12.7,4.0,3.1,MID
423,Field,Sam,0.6,0.0,0.0,3,1.0,West Brom,35,False,48,0,100.0,195864,0,3,0,0,0,2,0,0,0,0,0,0,0,16,20.0,0.5,0.0,2.0,MID
378,Valery,Yan,0.6,0.2,0.8,3,1.0,Southampton,20,False,47,1,,213482,0,2,0,0,0,4,0,0,0,0,0,0,0,12,26.0,22.1,12.0,6.0,DEF
216,Morgan,Wes,0.7,0.0,0.0,3,1.0,Leicester,13,False,44,0,0.0,15033,0,2,0,0,0,0,0,0,0,0,0,0,0,9,3.0,0.1,0.0,0.3,DEF
627,Tau,Percy,0.5,0.2,1.0,3,1.5,Brighton,36,False,55,0,,230127,0,3,0,0,0,1,0,0,0,0,0,0,0,14,7.6,11.5,6.0,2.5,MID
354,O'Connell,Jack,0.6,0.0,0.0,3,1.5,Sheffield Utd,49,False,47,0,0.0,146610,0,2,0,0,0,3,0,0,0,0,0,0,0,19,40.2,2.5,0.0,4.3,DEF
288,Garcia,Eric,0.6,0.0,0.0,3,1.0,Man City,43,False,47,0,100.0,432656,0,2,0,0,0,6,0,0,0,0,0,0,0,35,37.0,22.7,1.0,6.0,DEF
529,Jagielka,Phil,0.8,0.2,0.6,3,0.8,Sheffield Utd,49,False,39,2,100.0,7645,0,2,0,0,0,7,0,0,0,1,0,0,0,29,33.4,1.1,0.0,3.5,DEF
234,Choudhury,Hamza,0.4,0.0,0.0,2,0.7,Leicester,13,False,47,0,,197469,0,3,0,0,0,1,0,0,0,1,0,0,0,9,4.2,3.5,2.0,1.0,MID
56,Button,David,0.5,0.1,0.4,2,2.0,West Brom,35,False,40,0,,50093,0,1,0,0,0,2,0,0,0,0,0,4,0,18,23.4,0.0,0.0,2.3,GKP
194,Casilla Cortés,Francisco,0.5,0.1,0.5,2,2.0,Leeds,2,False,42,0,100.0,39790,0,1,0,0,0,1,0,0,0,0,0,1,0,12,8.0,0.0,0.0,0.8,GKP
626,Cutrone,Patrick,0.3,0.1,0.7,2,1.0,Wolves,39,False,59,0,,209353,0,4,0,0,0,0,0,0,0,0,0,0,0,5,0.0,0.0,4.0,0.2,FWD
14,Kolasinac,Sead,0.4,0.0,0.0,2,2.0,Arsenal,3,False,48,0,0.0,111457,0,2,0,0,0,1,0,0,0,0,0,0,0,9,3.6,5.4,4.0,1.3,DEF
169,Kean,Moise,0.4,0.0,0.0,2,1.0,Everton,11,False,57,0,0.0,242058,0,4,0,0,0,0,0,0,0,0,0,0,0,1,0.0,1.3,11.0,0.9,FWD
116,Christensen,Andreas,0.4,0.0,0.0,2,0.4,Chelsea,8,False,47,0,100.0,135363,0,2,0,0,0,10,0,0,0,1,1,0,0,53,81.0,4.5,20.0,10.6,DEF
104,Alonso,Marcos,0.4,0.0,0.0,2,0.7,Chelsea,8,False,56,0,,82263,0,2,0,0,0,6,0,0,0,1,0,0,0,36,37.0,28.1,20.0,8.5,DEF
214,Davis,Leif,0.5,0.0,0.0,2,1.0,Leeds,2,False,39,0,,455084,0,2,0,0,0,0,0,0,0,0,0,0,0,5,2.8,0.6,0.0,0.3,DEF
538,Steffen,Zack,0.5,0.1,0.4,2,2.0,Man City,43,False,44,0,,164484,0,1,0,0,0,1,0,0,0,0,0,1,0,8,9.6,0.0,0.0,1.0,GKP
245,San Miguel del Castillo,Adrián,0.5,0.0,0.0,2,1.0,Liverpool,14,False,42,0,,60706,0,1,0,0,0,9,0,0,0,0,0,7,0,28,42.2,0.0,0.0,4.2,GKP
307,Tuanzebe,Axel,0.5,0.1,0.3,2,0.4,Man Utd,1,False,42,0,100.0,180804,0,2,0,0,0,3,1,0,0,1,0,0,0,19,31.8,4.0,0.0,3.4,DEF
426,Harper,Rekeem,0.5,0.0,0.2,2,1.0,West Brom,35,False,43,0,0.0,232427,0,3,0,0,0,2,0,0,0,0,0,0,0,7,6.0,2.3,7.0,1.6,MID
440,Pereira Gomes,Felipe Anderson,0.3,0.0,0.0,2,1.0,West Ham,21,False,61,0,0.0,101537,0,3,0,0,0,0,0,0,0,0,0,0,0,8,2.4,0.4,2.0,0.5,MID
124,Gilmour,Billy,0.5,0.0,0.2,2,1.0,Chelsea,8,False,44,0,100.0,243568,0,3,0,0,0,0,0,0,0,0,0,0,0,10,12.4,3.0,0.0,1.5,MID
21,Nelson,Reiss,0.4,0.0,0.0,2,1.0,Arsenal,3,False,51,0,100.0,200641,0,3,0,0,0,0,0,0,0,0,0,0,0,2,4.2,9.7,10.0,2.4,MID
574,Zeqiri,Andi,0.4,0.0,0.2,2,1.0,Brighton,36,False,50,0,,204676,0,4,0,0,0,0,0,0,0,0,0,0,0,3,0.4,5.1,63.0,6.8,FWD
381,Obafemi,Michael,0.2,0.0,0.0,1,1.0,Southampton,20,False,46,0,25.0,220598,0,4,0,0,0,0,0,0,0,0,0,0,0,2,0.4,0.1,0.0,0.1,FWD
380,Vokins,Jake,0.3,0.1,0.2,1,1.0,Southampton,20,False,39,1,100.0,214470,0,2,0,0,0,2,0,0,0,0,0,0,0,5,1.8,14.8,0.0,1.7,DEF
602,Anderson,Elliot,0.2,0.0,0.2,1,1.0,Newcastle,4,False,45,0,,215379,0,3,0,0,0,0,0,0,0,0,0,0,0,3,0.0,0.3,2.0,0.2,MID
618,Hackford,Antwoine,0.2,0.0,0.2,1,1.0,Sheffield Utd,49,False,45,0,,487836,0,4,0,0,0,0,0,0,0,0,0,0,0,3,0.0,0.1,18.0,1.8,FWD
467,Buur,Oskar,0.3,0.0,0.0,1,1.0,Wolves,39,False,39,0,,179456,0,2,0,0,0,0,0,0,0,0,0,0,0,2,0.6,0.5,0.0,0.1,DEF
471,Silva Nascimento Vinagre,Rúben Gonçalo,0.2,0.0,0.0,1,0.5,Wolves,39,False,41,0,0.0,216054,0,2,0,0,0,7,0,0,0,0,0,0,0,24,31.2,25.3,0.0,5.7,DEF
642,Da Silva,Willian José,0.1,0.1,1.0,1,1.0,Wolves,39,False,70,1,100.0,73314,0,4,0,0,0,0,0,0,0,0,0,0,0,3,6.0,0.3,0.0,0.6,FWD
226,Barbosa Pereira,Ricardo Domingos,0.2,0.0,0.2,1,1.0,Leicester,13,False,59,0,100.0,111931,0,2,0,0,0,0,0,0,0,0,0,0,0,2,2.0,1.3,0.0,0.3,DEF
550,Molumby,Jayson,0.2,0.0,0.0,1,1.0,Brighton,36,False,45,0,0.0,220738,0,3,0,0,0,0,0,0,0,0,0,0,0,3,0.0,0.0,0.0,0.0,MID
579,Slimani,Islam,0.2,0.0,0.0,1,1.0,Leicester,13,False,49,0,0.0,149828,0,4,0,0,0,1,0,0,0,0,0,0,0,3,0.2,11.7,6.0,1.8,FWD
318,Williams,Brandon,0.2,0.0,0.0,1,1.0,Man Utd,1,False,42,0,0.0,232937,0,2,0,0,0,0,0,0,0,0,0,0,0,3,0.4,0.3,0.0,0.1,DEF
293,Ighalo,Odion,0.2,0.0,0.0,1,1.0,Man Utd,1,False,61,0,0.0,58498,0,4,0,0,0,1,0,0,0,0,0,0,0,1,0.0,0.1,2.0,0.2,FWD
101,Caballero,Willy,0.2,0.0,0.0,1,1.0,Chelsea,8,False,47,0,,20310,0,1,0,0,0,3,0,0,0,0,0,0,0,7,4.2,0.0,0.0,0.4,GKP
525,Odoi,Denis,0.2,0.0,0.0,1,0.3,Fulham,54,False,42,0,,72681,0,2,0,0,0,10,0,0,0,1,0,0,0,34,35.4,20.8,8.0,6.4,DEF
539,Delap,Liam,0.2,0.0,0.0,1,1.0,Man City,43,False,44,0,,463034,0,4,0,0,0,4,0,0,0,0,0,0,0,0,0.0,0.3,4.0,0.2,FWD
84,Cork,Jack,0.2,0.0,0.2,1,1.0,Burnley,90,False,50,1,100.0,40145,0,3,0,0,0,1,0,0,0,0,0,0,0,3,4.8,11.1,0.0,1.6,MID
173,Le Marchand,Maxime,0.2,0.0,0.0,1,0.5,Fulham,54,False,42,0,,61739,0,2,0,0,0,1,0,0,0,2,0,0,0,12,12.6,1.6,1.0,1.6,DEF
82,Bardsley,Phil,0.2,0.0,0.0,1,0.3,Burnley,90,False,44,0,100.0,17997,0,2,0,0,0,8,0,0,0,2,0,0,0,24,31.4,12.9,6.0,5.1,DEF
630,Khadra,Reda,0.2,0.1,0.3,1,1.0,Brighton,36,False,45,0,,465572,0,3,0,0,0,0,0,0,0,0,0,0,0,3,0.0,0.0,2.0,0.2,MID
230,Gray,Demarai,0.2,0.0,0.0,1,1.0,Leicester,13,False,52,0,100.0,172632,0,3,0,0,0,0,0,0,0,0,0,0,0,3,0.2,1.3,3.0,0.5,MID
549,Llorente,Diego,0.2,0.0,0.2,1,0.5,Leeds,2,False,44,1,75.0,149915,0,2,0,0,0,3,0,0,0,1,0,0,0,14,30.2,0.9,0.0,3.1,DEF
559,Nkounkou,Niels,0.2,0.0,0.0,1,1.0,Everton,11,False,40,0,0.0,495542,0,2,0,0,0,1,0,0,0,1,0,0,0,6,13.8,5.3,1.0,2.0,DEF
186,Rodák,Marek,0.2,0.0,0.0,1,1.0,Fulham,54,False,43,0,,155529,0,1,0,0,0,3,0,0,0,0,0,2,0,11,18.2,0.0,0.0,1.8,GKP
591,Thompson,Max,0.0,0.0,0.0,0,0.0,Burnley,90,False,45,0,,461450,0,4,0,0,0,0,0,0,0,0,0,0,0,0,0.0,0.0,0.0,0.0,FWD
612,Mancini,Anthony,0.0,0.0,0.0,0,0.0,Burnley,90,False,45,0,,465299,0,3,0,0,0,0,0,0,0,0,0,0,0,0,0.0,0.0,0.0,0.0,MID
592,Richardson,Lewis,0.0,0.0,0.0,0,0.0,Burnley,90,False,45,0,,461096,0,4,0,0,0,0,0,0,0,0,0,0,0,0,0.0,0.0,0.0,0.0,FWD
606,Langley,Daniel,0.0,0.0,0.0,0,0.0,Newcastle,4,False,40,0,,432927,0,1,0,0,0,0,0,0,0,0,0,0,0,0,0.0,0.0,0.0,0.0,GKP
433,Jimenez Gago,Roberto,0.0,0.0,0.0,0,0.0,West Ham,21,False,45,0,0.0,40694,0,1,0,0,0,0,0,0,0,0,0,0,0,0,0.0,0.0,0.0,0.0,GKP
434,Wilshere,Jack,0.0,0.0,0.0,0,0.0,West Ham,21,False,49,0,0.0,54102,0,3,0,0,0,0,0,0,0,0,0,0,0,0,0.0,0.0,0.0,0.0,MID
583,Norris,Will,0.0,0.0,0.0,0,0.0,Burnley,90,False,40,0,,168399,0,1,0,0,0,0,0,0,0,0,0,0,0,0,0.0,0.0,0.0,0.0,GKP
429,Martin,David,0.0,0.0,0.0,0,0.0,West Ham,21,False,40,0,,19194,0,1,0,0,0,0,0,0,0,0,0,0,0,0,0.0,0.0,0.0,0.0,GKP
536,Driscoll-Glennon,Anthony,0.0,0.0,0.0,0,0.0,Burnley,90,False,40,0,,195471,0,2,0,0,0,0,0,0,0,0,0,0,0,0,0.0,0.0,0.0,0.0,DEF
520,Thomas,Bobby,0.0,0.0,0.0,0,0.0,Burnley,90,False,39,0,0.0,461102,0,2,0,0,0,0,0,0,0,0,0,0,0,0,0.0,0.0,0.0,0.0,DEF
99,Peacock-Farrell,Bailey,0.0,0.0,0.0,0,0.0,Burnley,90,False,40,0,100.0,220037,0,1,0,0,0,5,0,0,0,0,0,1,0,9,6.4,0.0,0.0,0.6,GKP
94,Gibson,Ben,0.0,0.0,0.0,0,0.0,Burnley,90,False,39,0,0.0,83312,0,2,0,0,0,0,0,0,0,0,0,0,0,0,0.0,0.0,0.0,0.0,DEF
633,Weir,Jensen,0.0,0.0,0.0,0,0.0,Brighton,36,False,45,0,,440241,0,3,0,0,0,0,0,0,0,0,0,0,0,0,0.0,0.0,0.0,0.0,MID
551,Goodridge,Mace,0.0,0.0,0.0,0,0.0,Burnley,90,False,45,0,,195064,0,3,0,0,0,0,0,0,0,0,0,0,0,0,0.0,0.0,0.0,0.0,MID
600,Peltier,Lee,0.0,0.0,0.0,0,0.0,West Brom,35,False,40,0,,38716,0,2,0,0,0,5,0,0,0,1,0,0,0,12,17.2,11.1,0.0,2.9,DEF
613,Mumbongo,Joel,0.0,0.0,0.0,0,0.0,Burnley,90,False,45,0,,430367,0,4,0,0,0,0,0,0,0,0,0,0,0,0,0.0,0.0,0.0,0.0,FWD
145,Ferguson,Nathan,0.0,0.0,0.0,0,0.0,Crystal Palace,31,False,39,0,0.0,232423,0,2,0,0,0,0,0,0,0,0,0,0,0,0,0.0,0.0,0.0,0.0,DEF
151,Lössl,Jonas,0.0,0.0,0.0,0,0.0,Everton,11,False,43,0,,57513,0,1,0,0,0,0,0,0,0,0,0,0,0,0,0.0,0.0,0.0,0.0,GKP
416,Zohore,Kenneth,0.0,0.0,0.0,0,0.0,West Brom,35,False,48,0,0.0,82078,0,4,0,0,0,0,0,0,0,0,0,0,0,0,0.0,0.0,0.0,0.0,FWD
641,Mateta,Jean-Philippe,0.0,0.0,0.0,0,0.0,Crystal Palace,31,False,60,0,100.0,231747,0,4,0,0,0,0,0,0,0,0,0,0,0,0,0.0,0.0,0.0,0.0,FWD
586,Butland,Jack,0.0,0.0,0.0,0,0.0,Crystal Palace,31,False,45,0,100.0,105666,0,1,0,0,0,0,0,0,0,0,0,0,0,0,0.0,0.0,0.0,0.0,GKP
578,Henderson,Stephen,0.0,0.0,0.0,0,0.0,Crystal Palace,31,False,40,0,,42525,0,1,0,0,0,0,0,0,0,0,0,0,0,0,0.0,0.0,0.0,0.0,GKP
420,Leko,Jonathan,0.0,0.0,0.0,0,0.0,West Brom,35,False,45,0,0.0,173809,0,3,0,0,0,0,0,0,0,0,0,0,0,0,0.0,0.0,0.0,0.0,MID
534,Inniss,Ryan,0.0,0.0,0.0,0,0.0,Crystal Palace,31,False,40,0,0.0,114536,0,2,0,0,0,0,0,0,0,0,0,0,0,0,0.0,0.0,0.0,0.0,DEF
522,Woods,Sam,0.0,0.0,0.0,0,0.0,Crystal Palace,31,False,40,0,100.0,221272,0,2,0,0,0,0,0,0,0,0,0,0,0,0,0.0,0.0,0.0,0.0,DEF
147,Pierrick,Brandon,0.0,0.0,0.0,0,0.0,Crystal Palace,31,False,43,0,,466955,0,3,0,0,0,0,0,0,0,0,0,0,0,0,0.0,0.0,0.0,0.0,MID
143,Meyer,Max,0.0,0.0,0.0,0,0.0,Crystal Palace,31,False,47,0,0.0,141020,0,3,0,0,0,0,0,0,0,0,0,0,0,0,0.0,0.0,0.0,0.0,MID
639,Lonergan,Andy,0.0,0.0,0.0,0,0.0,West Brom,35,False,40,0,,11948,0,1,0,0,0,0,0,0,0,0,0,0,0,0,0.0,0.0,0.0,0.0,GKP
136,Wickham,Connor,0.0,0.0,0.0,0,0.0,Crystal Palace,31,False,44,0,0.0,59125,0,4,0,0,0,0,0,0,0,0,0,0,0,0,0.0,0.0,0.0,0.0,FWD
135,Kelly,Martin,0.0,0.0,0.0,0,0.0,Crystal Palace,31,False,41,0,0.0,58786,0,2,0,0,0,0,0,0,0,0,0,0,0,0,0.0,0.0,0.0,0.0,DEF
126,Hennessey,Wayne,0.0,0.0,0.0,0,0.0,Crystal Palace,31,False,43,0,0.0,20066,0,1,0,0,0,0,0,0,0,0,0,0,0,0,0.0,0.0,0.0,0.0,GKP
499,Kipre,Cedric,0.0,0.0,0.0,0,0.0,West Brom,35,False,43,0,,183015,0,2,0,0,0,0,0,0,0,0,0,0,0,0,0.0,0.0,0.0,0.0,DEF
605,Anjorin,Faustino,0.0,0.0,0.0,0,0.0,Chelsea,8,False,45,0,,223332,0,3,0,0,0,0,0,0,0,0,0,0,0,0,0.0,0.0,0.0,0.0,MID
593,Ziger,Karlo,0.0,0.0,0.0,0,0.0,Chelsea,8,False,40,0,,431019,0,1,0,0,0,0,0,0,0,0,0,0,0,0,0.0,0.0,0.0,0.0,GKP
121,Tomori,Fikayo,0.0,0.0,0.0,0,0.0,Chelsea,8,False,47,0,0.0,194794,0,2,0,0,0,2,0,0,0,0,0,0,0,8,26.6,0.1,0.0,2.7,DEF
632,Sanders,Max,0.0,0.0,0.0,0,0.0,Brighton,36,False,45,0,,215062,0,3,0,0,0,0,0,0,0,0,0,0,0,0,0.0,0.0,0.0,0.0,MID
621,Diaby,Cheikh,0.0,0.0,0.0,0,0.0,West Brom,35,False,45,0,,505265,0,4,0,0,0,0,0,0,0,0,0,0,0,0,0.0,0.0,0.0,0.0,FWD
444,Hugill,Jordan,0.0,0.0,0.0,0,0.0,West Ham,21,False,55,0,0.0,167522,0,4,0,0,0,0,0,0,0,0,0,0,0,0,0.0,0.0,0.0,0.0,FWD
631,Jenks,Teddy,0.0,0.0,0.0,0,0.0,Brighton,36,False,45,0,,244848,0,3,0,0,0,0,0,0,0,0,0,0,0,0,0.0,0.0,0.0,0.0,MID
447,Ajeti,Albian,0.0,0.0,0.0,0,0.0,West Ham,21,False,55,0,0.0,181008,0,4,0,0,0,0,0,0,0,0,0,0,0,0,0.0,0.0,0.0,0.0,FWD
553,Shabani,Meritan,0.0,0.0,0.0,0,0.0,Wolves,39,False,44,0,,225368,0,3,0,0,0,0,0,0,0,0,0,0,0,0,0.0,0.0,0.0,0.0,MID
472,Sarkic,Matija,0.0,0.0,0.0,0,0.0,Wolves,39,False,44,0,0.0,216208,0,1,0,0,0,0,0,0,0,0,0,0,0,0,0.0,0.0,0.0,0.0,GKP
32,Steer,Jed,0.0,0.0,0.0,0,0.0,Aston Villa,7,False,40,0,,79852,0,1,0,0,0,0,0,0,0,0,0,0,0,0,0.0,0.0,0.0,0.0,GKP
475,Cavaco Jordao,Bruno André,0.0,0.0,0.0,0,0.0,Wolves,39,False,43,0,0.0,428610,0,3,0,0,0,0,0,0,0,0,0,0,0,0,0.0,0.0,0.0,0.0,MID
476,Campana,Leonardo,0.0,0.0,0.0,0,0.0,Wolves,39,False,48,0,,474003,0,4,0,0,0,0,0,0,0,0,0,0,0,0,0.0,0.0,0.0,0.0,FWD
30,Lansbury,Henri,0.0,0.0,0.0,0,0.0,Aston Villa,7,False,43,0,0.0,40564,0,3,0,0,0,0,0,0,0,0,0,0,0,0,0.0,0.0,0.0,0.0,MID
28,Heaton,Tom,0.0,0.0,0.0,0,0.0,Aston Villa,7,False,45,0,100.0,21205,0,1,0,0,0,0,0,0,0,0,0,0,0,0,0.0,0.0,0.0,0.0,GKP
547,Rúnarsson,Rúnar Alex,0.0,0.0,0.0,0,0.0,Arsenal,3,False,45,0,,115918,0,1,0,0,0,0,0,0,0,0,0,0,0,0,0.0,0.0,0.0,0.0,GKP
527,Macey,Matt,0.0,0.0,0.0,0,0.0,Arsenal,3,False,40,0,0.0,113534,0,1,0,0,0,0,0,0,0,0,0,0,0,0,0.0,0.0,0.0,0.0,GKP
27,Saliba,William,0.0,0.0,0.0,0,0.0,Arsenal,3,False,40,0,0.0,462424,0,2,0,0,0,0,0,0,0,0,0,0,0,0,0.0,0.0,0.0,0.0,DEF
25,Guendouzi,Matteo,0.0,0.0,0.0,0,0.0,Arsenal,3,False,47,0,0.0,242166,0,3,0,0,0,0,0,0,0,0,0,0,0,0,0.0,0.0,0.0,0.0,MID
35,Nyland,Ørjan,0.0,0.0,0.0,0,0.0,Aston Villa,7,False,40,0,0.0,98770,0,1,0,0,0,0,0,0,0,0,0,0,0,0,0.0,0.0,0.0,0.0,GKP
19,Torreira,Lucas,0.0,0.0,0.0,0,0.0,Arsenal,3,False,47,0,0.0,198849,0,3,0,0,0,0,0,0,0,0,0,0,0,0,0.0,0.0,0.0,0.0,MID
610,Corbeanu,Theo,0.0,0.0,0.0,0,0.0,Wolves,39,False,45,0,,443296,0,3,0,0,0,0,0,0,0,0,0,0,0,0,0.0,0.0,0.0,0.0,MID
611,Perry,Taylor,0.0,0.0,0.0,0,0.0,Wolves,39,False,45,0,,232361,0,3,0,0,0,0,0,0,0,0,0,0,0,0,0.0,0.0,0.0,0.0,MID
614,Cundle,Luke,0.0,0.0,0.0,0,0.0,Wolves,39,False,45,0,,245923,0,3,0,0,0,0,0,0,0,0,0,0,0,0,0.0,0.0,0.0,0.0,MID
615,Richards,Lewis,0.0,0.0,0.0,0,0.0,Wolves,39,False,40,0,,437688,0,2,0,0,0,0,0,0,0,0,0,0,0,0,0.0,0.0,0.0,0.0,DEF
616,Marques,Christian,0.0,0.0,0.0,0,0.0,Wolves,39,False,40,0,,481626,0,2,0,0,0,0,0,0,0,0,0,0,0,0,0.0,0.0,0.0,0.0,DEF
617,Söndergaard,Andreas,0.0,0.0,0.0,0,0.0,Wolves,39,False,40,0,,448487,0,1,0,0,0,0,0,0,0,0,0,0,0,0,0.0,0.0,0.0,0.0,GKP
13,Chambers,Calum,0.0,0.0,0.0,0,0.0,Arsenal,3,False,45,0,100.0,101184,0,2,0,0,0,0,0,0,0,0,0,0,0,0,0.0,0.0,0.0,0.0,DEF
629,Lonwijk,Nigel,0.0,0.0,0.0,0,0.0,Wolves,39,False,40,0,,465551,0,2,0,0,0,0,0,0,0,0,0,0,0,0,0.0,0.0,0.0,0.0,DEF
34,Peleteiro Romallo,José Ignacio,0.0,0.0,0.0,0,0.0,Aston Villa,7,False,59,0,0.0,89274,0,3,0,0,0,0,0,0,0,0,0,0,0,0,0.0,0.0,0.0,0.0,MID
36,Engels,Bjorn,0.0,0.0,0.0,0,0.0,Aston Villa,7,False,44,0,100.0,108156,0,2,0,0,0,0,0,0,0,0,0,0,0,0,0.0,0.0,0.0,0.0,DEF
167,Virgínia,João,0.0,0.0,0.0,0,0.0,Everton,11,False,43,0,,222627,0,1,0,0,0,0,0,0,0,0,0,0,0,0,0.0,0.0,0.0,0.0,GKP
63,Montoya,Martín,0.0,0.0,0.0,0,0.0,Brighton,36,False,45,0,0.0,86153,0,2,0,0,0,0,0,0,0,0,0,0,0,0,0.0,0.0,0.0,0.0,DEF
628,Moder,Jakub,0.0,0.0,0.0,0,0.0,Brighton,36,False,50,0,100.0,243505,0,3,0,0,0,0,0,0,0,0,0,0,0,0,0.0,0.0,0.0,0.0,MID
528,Steele,Jason,0.0,0.0,0.0,0,0.0,Brighton,36,False,40,0,,49262,0,1,0,0,0,0,0,0,0,0,0,0,0,0,0.0,0.0,0.0,0.0,GKP
503,Walton,Christian,0.0,0.0,0.0,0,0.0,Brighton,36,False,40,0,100.0,108813,0,1,0,0,0,0,0,0,0,0,0,0,0,0,0.0,0.0,0.0,0.0,GKP
73,Clarke,Matthew,0.0,0.0,0.0,0,0.0,Brighton,36,False,44,0,0.0,178173,0,2,0,0,0,0,0,0,0,0,0,0,0,0,0.0,0.0,0.0,0.0,DEF
72,Izquierdo,José,0.0,0.0,0.0,0,0.0,Brighton,36,False,55,0,0.0,167473,0,3,0,0,0,0,0,0,0,0,0,0,0,0,0.0,0.0,0.0,0.0,MID
637,Alves,Frederik,0.0,0.0,0.0,0,0.0,West Ham,21,False,40,0,,486870,0,2,0,0,0,0,0,0,0,0,0,0,0,0,0.0,0.0,0.0,0.0,DEF
638,Odubeko,Ademipo,0.0,0.0,0.0,0,0.0,West Ham,21,False,45,0,,461533,0,4,0,0,0,0,0,0,0,0,0,0,0,0,0.0,0.0,0.0,0.0,FWD
453,Ruddy,John,0.0,0.0,0.0,0,0.0,Wolves,39,False,43,0,,19236,0,1,0,0,0,0,0,0,0,0,0,0,0,0,0.0,0.0,0.0,0.0,GKP
64,Andone,Florin,0.0,0.0,0.0,0,0.0,Brighton,36,False,48,0,0.0,93284,0,4,0,0,0,0,0,0,0,0,0,0,0,0,0.0,0.0,0.0,0.0,FWD
456,Bennett,Ryan,0.0,0.0,0.0,0,0.0,Wolves,39,False,44,0,0.0,41727,0,2,0,0,0,0,0,0,0,0,0,0,0,0,0.0,0.0,0.0,0.0,DEF
43,Bree,James,0.0,0.0,0.0,0,0.0,Aston Villa,7,False,45,0,0.0,184386,0,2,0,0,0,0,0,0,0,0,0,0,0,0,0.0,0.0,0.0,0.0,DEF
60,Mooy,Aaron,0.0,0.0,0.0,0,0.0,Brighton,36,False,50,0,0.0,74471,0,3,0,0,0,0,0,0,0,0,0,0,0,0,0.0,0.0,0.0,0.0,MID
58,Duffy,Shane,0.0,0.0,0.0,0,0.0,Brighton,36,False,43,0,0.0,61933,0,2,0,0,0,0,0,0,0,0,0,0,0,0,0.0,0.0,0.0,0.0,DEF
53,Murray,Glenn,0.0,0.0,0.0,0,0.0,Brighton,36,False,48,0,0.0,20529,0,4,0,0,0,0,0,0,0,0,0,0,0,0,0.0,0.0,0.0,0.0,FWD
51,Vassilev,Indiana,0.0,0.0,0.0,0,0.0,Aston Villa,7,False,43,0,0.0,223349,0,4,0,0,0,0,0,0,0,0,0,0,0,0,0.0,0.0,0.0,0.0,FWD
462,Castro Otto,Jonathan,0.0,0.0,0.0,0,0.0,Wolves,39,False,54,0,0.0,114128,0,2,0,0,0,0,0,0,0,0,0,0,0,0,0.0,0.0,0.0,0.0,DEF
463,Bonatini,Léo,0.0,0.0,0.0,0,0.0,Wolves,39,False,48,0,0.0,141569,0,4,0,0,0,0,0,0,0,0,0,0,0,0,0.0,0.0,0.0,0.0,FWD
49,Samatta,Mbwana,0.0,0.0,0.0,0,0.0,Aston Villa,7,False,59,0,0.0,217487,0,4,0,0,0,0,0,0,0,0,0,0,0,0,0.0,0.0,0.0,0.0,FWD
48,Moraes,Wesley,0.0,0.0,0.0,0,0.0,Aston Villa,7,False,60,0,0.0,213345,0,4,0,0,0,0,0,0,0,0,0,0,0,0,0.0,0.0,0.0,0.0,FWD
47,Guilbert,Frédéric,0.0,0.0,0.0,0,0.0,Aston Villa,7,False,43,0,100.0,203368,0,2,0,0,0,0,0,0,0,0,0,0,0,0,0.0,0.0,0.0,0.0,DEF
161,Gbamin,Jean-Philippe,0.0,0.0,0.0,0,0.0,Everton,11,False,50,0,0.0,160987,0,3,0,0,0,0,0,0,0,0,0,0,0,0,0.0,0.0,0.0,0.0,MID
171,Agosto Ramírez,Fabricio,0.0,0.0,0.0,0,0.0,Fulham,54,False,40,0,,40559,0,1,0,0,0,0,0,0,0,0,0,0,0,0,0.0,0.0,0.0,0.0,GKP
170,Branthwaite,Jarrad,0.0,0.0,0.0,0,0.0,Everton,11,False,39,0,0.0,480455,0,2,0,0,0,0,0,0,0,0,0,0,0,0,0.0,0.0,0.0,0.0,DEF
292,Smalling,Chris,0.0,0.0,0.0,0,0.0,Man Utd,1,False,49,0,0.0,55909,0,2,0,0,0,0,0,0,0,0,0,0,0,0,0.0,0.0,0.0,0.0,DEF
289,Romero,Sergio,0.0,0.0,0.0,0,0.0,Man Utd,1,False,49,0,0.0,42899,0,1,0,0,0,0,0,0,0,0,0,0,0,0,0.0,0.0,0.0,0.0,GKP
623,Harwood-Bellis,Taylor,0.0,0.0,0.0,0,0.0,Man City,43,False,40,0,,245719,0,2,0,0,0,0,0,0,0,0,0,0,0,0,0.0,0.0,0.0,0.0,DEF
622,Mbete,Luke,0.0,0.0,0.0,0,0.0,Man City,43,False,40,0,,439510,0,2,0,0,0,0,0,0,0,0,0,0,0,0,0.0,0.0,0.0,0.0,DEF
609,Nmecha,Felix,0.0,0.0,0.0,0,0.0,Man City,43,False,45,0,,219265,0,3,0,0,0,0,0,0,0,0,0,0,0,0,0.0,0.0,0.0,0.0,MID
608,Carson,Scott,0.0,0.0,0.0,0,0.0,Man City,43,False,40,0,75.0,17601,0,1,0,0,0,0,0,0,0,0,0,0,0,0,0.0,0.0,0.0,0.0,GKP
595,Trafford,James,0.0,0.0,0.0,0,0.0,Man City,43,False,40,0,,432720,0,1,0,0,0,0,0,0,0,0,0,0,0,0,0.0,0.0,0.0,0.0,GKP
552,Palmer,Cole,0.0,0.0,0.0,0,0.0,Man City,43,False,44,0,25.0,244851,0,3,0,0,0,0,0,0,0,0,0,0,0,0,0.0,0.0,0.0,0.0,MID
537,Bernabé,Adrián,0.0,0.0,0.0,0,0.0,Man City,43,False,45,0,100.0,449926,0,3,0,0,0,0,0,0,0,0,0,0,0,0,0.0,0.0,0.0,0.0,MID
285,Doyle,Tommy,0.0,0.0,0.0,0,0.0,Man City,43,False,44,0,100.0,220394,0,3,0,0,0,0,0,0,0,0,0,0,0,0,0.0,0.0,0.0,0.0,MID
269,Otamendi,Nicolás,0.0,0.0,0.0,0,0.0,Man City,43,False,49,0,0.0,57410,0,2,0,0,0,0,0,0,0,0,0,0,0,0,0.0,0.0,0.0,0.0,DEF
267,Bravo,Claudio,0.0,0.0,0.0,0,0.0,Man City,43,False,45,0,0.0,33148,0,1,0,0,0,0,0,0,0,0,0,0,0,0,0.0,0.0,0.0,0.0,GKP
607,Cain,Jake,0.0,0.0,0.0,0,0.0,Liverpool,14,False,45,0,,243343,0,3,0,0,0,0,0,0,0,0,0,0,0,0,0.0,0.0,0.0,0.0,MID
371,Gunn,Angus,0.0,0.0,0.0,0,0.0,Southampton,20,False,43,0,0.0,107265,0,1,0,0,0,0,0,0,0,0,0,0,0,0,0.0,0.0,0.0,0.0,GKP
372,Boufal,Sofiane,0.0,0.0,0.0,0,0.0,Southampton,20,False,54,0,0.0,128198,0,3,0,0,0,0,0,0,0,0,0,0,0,0,0.0,0.0,0.0,0.0,MID
374,Sims,Josh,0.0,0.0,0.0,0,0.0,Southampton,20,False,43,0,0.0,153379,0,3,0,0,0,0,0,0,0,0,0,0,0,0,0.0,0.0,0.0,0.0,MID
601,Clarkson,Leighton,0.0,0.0,0.0,0,0.0,Liverpool,14,False,45,0,,233489,0,3,0,0,0,0,0,0,0,0,0,0,0,0,0.0,0.0,0.0,0.0,MID
265,Elliott,Harvey,0.0,0.0,0.0,0,0.0,Liverpool,14,False,43,0,0.0,444884,0,3,0,0,0,0,0,0,0,0,0,0,0,0,0.0,0.0,0.0,0.0,MID
257,Wilson,Harry,0.0,0.0,0.0,0,0.0,Liverpool,14,False,51,0,0.0,153682,0,3,0,0,0,0,0,0,0,0,0,0,0,0,0.0,0.0,0.0,0.0,MID
2,Papastathopoulos,Sokratis,0.0,0.0,0.0,0,0.0,Arsenal,3,False,48,0,0.0,39476,0,2,0,0,0,0,0,0,0,0,0,0,0,0,0.0,0.0,0.0,0.0,DEF
580,Verrips,Michael,0.0,0.0,0.0,0,0.0,Sheffield Utd,49,False,40,0,,194126,0,1,0,0,0,0,0,0,0,0,0,0,0,0,0.0,0.0,0.0,0.0,GKP
294,Rojo,Marcos,0.0,0.0,0.0,0,0.0,Man Utd,1,False,48,0,0.0,58893,0,2,0,0,0,0,0,0,0,0,0,0,0,0,0.0,0.0,0.0,0.0,DEF
596,Simms,Ellis,0.0,0.0,0.0,0,0.0,Everton,11,False,45,0,0.0,218997,0,4,0,0,0,0,0,0,0,0,0,0,0,0,0.0,0.0,0.0,0.0,FWD
297,Jones,Phil,0.0,0.0,0.0,0,0.0,Man Utd,1,False,48,0,0.0,76359,0,2,0,0,0,0,0,0,0,0,0,0,0,0,0.0,0.0,0.0,0.0,DEF
342,Watts,Kelland,0.0,0.0,0.0,0,0.0,Newcastle,4,False,39,0,0.0,232977,0,2,0,0,0,0,0,0,0,0,0,0,0,0,0.0,0.0,0.0,0.0,DEF
341,Muto,Yoshinori,0.0,0.0,0.0,0,0.0,Newcastle,4,False,48,0,0.0,196118,0,4,0,0,0,0,0,0,0,0,0,0,0,0,0.0,0.0,0.0,0.0,FWD
337,Aarons,Rolando,0.0,0.0,0.0,0,0.0,Newcastle,4,False,48,0,0.0,155513,0,3,0,0,0,0,0,0,0,0,0,0,0,0,0.0,0.0,0.0,0.0,MID
330,Atsu,Christian,0.0,0.0,0.0,0,0.0,Newcastle,4,False,52,0,0.0,104953,0,3,0,0,0,0,0,0,0,0,0,0,0,0,0.0,0.0,0.0,0.0,MID
327,Lejeune,Florian,0.0,0.0,0.0,0,0.0,Newcastle,4,False,43,0,0.0,77359,0,2,0,0,0,0,0,0,0,0,0,0,0,0,0.0,0.0,0.0,0.0,DEF
348,Moore,Simon,0.0,0.0,0.0,0,0.0,Sheffield Utd,49,False,43,0,0.0,74854,0,1,0,0,0,0,0,0,0,0,0,0,0,0,0.0,0.0,0.0,0.0,GKP
326,Dubravka,Martin,0.0,0.0,0.0,0,0.0,Newcastle,4,False,48,0,100.0,67089,0,1,0,0,0,0,0,0,0,0,0,0,0,0,0.0,0.0,0.0,0.0,GKP
350,Foderingham,Wes,0.0,0.0,0.0,0,0.0,Sheffield Utd,49,False,43,0,,82143,0,1,0,0,0,0,0,0,0,0,0,0,0,0,0.0,0.0,0.0,0.0,GKP
640,Diallo,Amad,0.0,0.0,0.0,0,0.0,Man Utd,1,False,55,0,,493250,0,3,0,0,0,0,0,0,0,0,0,0,0,0,0.0,0.0,0.0,0.0,MID
604,Grant,Lee,0.0,0.0,0.0,0,0.0,Man Utd,1,False,40,0,,6744,0,1,0,0,0,0,0,0,0,0,0,0,0,0,0.0,0.0,0.0,0.0,GKP
575,Pellistri,Facundo,0.0,0.0,0.0,0,0.0,Man Utd,1,False,52,0,0.0,488404,0,3,0,0,0,0,0,0,0,0,0,0,0,0,0.0,0.0,0.0,0.0,MID
319,Mengi,Teden,0.0,0.0,0.0,0,0.0,Man Utd,1,False,39,0,,244856,0,2,0,0,0,0,0,0,0,0,0,0,0,0,0.0,0.0,0.0,0.0,DEF
317,Garner,James,0.0,0.0,0.0,0,0.0,Man Utd,1,False,44,0,0.0,232928,0,3,0,0,0,0,0,0,0,0,0,0,0,0,0.0,0.0,0.0,0.0,MID
316,Chong,Tahith,0.0,0.0,0.0,0,0.0,Man Utd,1,False,44,0,0.0,222677,0,3,0,0,0,0,0,0,0,0,0,0,0,0,0.0,0.0,0.0,0.0,MID
314,Dalot Teixeira,José Diogo,0.0,0.0,0.0,0,0.0,Man Utd,1,False,48,0,0.0,216051,0,2,0,0,0,0,0,0,0,0,0,0,0,0,0.0,0.0,0.0,0.0,DEF
312,Fosu-Mensah,Timothy,0.0,0.0,0.0,0,0.0,Man Utd,1,False,43,0,0.0,201084,0,2,0,0,0,2,0,0,0,1,0,0,0,17,17.8,30.5,16.0,6.4,DEF
304,Pereira,Andreas,0.0,0.0,0.0,0,0.0,Man Utd,1,False,48,0,0.0,156689,0,3,0,0,0,0,0,0,0,0,0,0,0,0,0.0,0.0,0.0,0.0,MID
477,Freeman,Luke,0.0,0.0,0.0,0,0.0,Sheffield Utd,49,False,50,0,0.0,49083,0,3,0,0,0,0,0,0,0,0,0,0,0,0,0.0,0.0,0.0,0.0,MID
301,Lingard,Jesse,0.0,0.0,0.0,0,0.0,Man Utd,1,False,59,0,100.0,109322,0,3,0,0,0,0,0,0,0,0,0,0,0,0,0.0,0.0,0.0,0.0,MID
242,Tsimikas,Konstantinos,0.0,0.0,0.0,0,0.0,Liverpool,14,False,49,0,0.0,214285,0,2,0,0,0,0,0,0,0,0,0,0,0,0,0.0,0.0,0.0,0.0,DEF
620,Cresswell,Charlie,0.0,0.0,0.0,0,0.0,Leeds,2,False,40,0,,492373,0,2,0,0,0,0,0,0,0,0,0,0,0,0,0.0,0.0,0.0,0.0,DEF
619,Huggins,Niall,0.0,0.0,0.0,0,0.0,Leeds,2,False,45,0,,492066,0,4,0,0,0,0,0,0,0,0,0,0,0,0,0.0,0.0,0.0,0.0,FWD
599,Jenkins,Jack,0.0,0.0,0.0,0,0.0,Leeds,2,False,45,0,,492374,0,3,0,0,0,0,0,0,0,0,0,0,0,0,0.0,0.0,0.0,0.0,MID
585,Kongolo,Terence,0.0,0.0,0.0,0,0.0,Fulham,54,False,43,0,0.0,109434,0,2,0,0,0,0,0,0,0,0,0,0,0,0,0.0,0.0,0.0,0.0,DEF
399,Sessegnon,Ryan,0.0,0.0,0.0,0,0.0,Spurs,6,False,47,0,0.0,184349,0,2,0,0,0,0,0,0,0,0,0,0,0,0,0.0,0.0,0.0,0.0,DEF
192,Sessegnon,Zeze Steven,0.0,0.0,0.0,0,0.0,Fulham,54,False,43,0,0.0,208998,0,2,0,0,0,0,0,0,0,0,0,0,0,0,0.0,0.0,0.0,0.0,DEF
401,Carvalho Fernandes,Gedson,0.0,0.0,0.0,0,0.0,Spurs,6,False,47,0,,195774,0,3,0,0,0,0,0,0,0,0,0,0,0,0,0.0,0.0,0.0,0.0,MID
402,Tanganga,Japhet,0.0,0.0,0.0,0,0.0,Spurs,6,False,49,0,100.0,199584,0,2,0,0,0,0,0,0,0,0,0,0,0,0,0.0,0.0,0.0,0.0,DEF
189,Seri,Jean Michaël,0.0,0.0,0.0,0,0.0,Fulham,54,False,46,0,0.0,170271,0,3,0,0,0,0,0,0,0,0,0,0,0,0,0.0,0.0,0.0,0.0,MID
404,Skipp,Oliver,0.0,0.0,0.0,0,0.0,Spurs,6,False,44,0,0.0,209042,0,3,0,0,0,0,0,0,0,0,0,0,0,0,0.0,0.0,0.0,0.0,MID
406,Foyth,Juan,0.0,0.0,0.0,0,0.0,Spurs,6,False,43,0,0.0,234908,0,2,0,0,0,0,0,0,0,0,0,0,0,0,0.0,0.0,0.0,0.0,DEF
185,Mawson,Alfie,0.0,0.0,0.0,0,0.0,Fulham,54,False,43,0,0.0,149266,0,2,0,0,0,0,0,0,0,0,0,0,0,0,0.0,0.0,0.0,0.0,DEF
482,Hart,Joe,0.0,0.0,0.0,0,0.0,Spurs,6,False,43,0,100.0,15749,0,1,0,0,0,0,0,0,0,0,0,0,0,0,0.0,0.0,0.0,0.0,GKP
521,Carter-Vickers,Cameron,0.0,0.0,0.0,0,0.0,Spurs,6,False,39,0,0.0,168763,0,2,0,0,0,0,0,0,0,0,0,0,0,0,0.0,0.0,0.0,0.0,DEF
183,Bettinelli,Marcus,0.0,0.0,0.0,0,0.0,Fulham,54,False,43,0,0.0,122074,0,1,0,0,0,0,0,0,0,0,0,0,0,0,0.0,0.0,0.0,0.0,GKP
179,Christie,Cyrus,0.0,0.0,0.0,0,0.0,Fulham,54,False,42,0,0.0,87107,0,2,0,0,0,0,0,0,0,0,0,0,0,0,0.0,0.0,0.0,0.0,DEF
178,Hector,Michael,0.0,0.0,0.0,0,0.0,Fulham,54,False,42,0,,84915,0,2,0,0,0,10,0,0,0,2,0,0,0,32,40.8,11.3,18.0,6.9,DEF
177,Knockaert,Anthony,0.0,0.0,0.0,0,0.0,Fulham,54,False,50,0,0.0,83543,0,3,0,0,0,0,0,0,0,0,0,0,0,0,0.0,0.0,0.0,0.0,MID
174,Johansen,Stefan,0.0,0.0,0.0,0,0.0,Fulham,54,False,47,0,0.0,61916,0,3,0,0,0,0,0,0,0,0,0,0,0,0,0.0,0.0,0.0,0.0,MID
172,McDonald,Kevin,0.0,0.0,0.0,0,0.0,Fulham,54,False,47,0,0.0,55038,0,3,0,0,0,0,0,0,0,0,0,0,0,0,0.0,0.0,0.0,0.0,MID
488,Gillespie,Mark,0.0,0.0,0.0,0,0.0,Newcastle,4,False,43,0,,81441,0,1,0,0,0,0,0,0,0,0,0,0,0,0,0.0,0.0,0.0,0.0,GKP
644,Onyango,Tyler,0.0,0.0,0.0,0,0.0,Everton,11,False,45,0,,461446,0,3,0,0,0,0,0,0,0,0,0,0,0,0,0.0,0.0,0.0,0.0,MID
220,Silva,Adrien,0.0,0.0,0.0,0,0.0,Leicester,13,False,44,0,0.0,46483,0,3,0,0,0,0,0,0,0,0,0,0,0,0,0.0,0.0,0.0,0.0,MID
222,James,Matty,0.0,0.0,0.0,0,0.0,Leicester,13,False,43,0,0.0,61604,0,3,0,0,0,0,0,0,0,0,0,0,0,0,0.0,0.0,0.0,0.0,MID
223,Ward,Danny,0.0,0.0,0.0,0,0.0,Leicester,13,False,43,0,,95463,0,1,0,0,0,0,0,0,0,0,0,0,0,0,0.0,0.0,0.0,0.0,GKP
393,Gazzaniga,Paulo,0.0,0.0,0.0,0,0.0,Spurs,6,False,43,0,,102884,0,1,0,0,0,0,0,0,0,0,0,0,0,0,0.0,0.0,0.0,0.0,GKP
479,Salisu,Mohammed,0.0,0.0,0.0,0,0.0,Southampton,20,False,43,0,0.0,450527,0,2,0,0,0,0,0,0,0,0,0,0,0,0,0.0,0.0,0.0,0.0,DEF
533,Bogusz,Mateusz,0.0,0.0,0.0,0,0.0,Leeds,2,False,43,0,0.0,480216,0,3,0,0,0,0,0,0,0,0,0,0,0,0,0.0,0.0,0.0,0.0,MID
532,Caprile,Elia,0.0,0.0,0.0,0,0.0,Leeds,2,False,40,0,,463912,0,1,0,0,0,0,0,0,0,0,0,0,0,0,0.0,0.0,0.0,0.0,GKP
215,Casey,Oliver,0.0,0.0,0.0,0,0.0,Leeds,2,False,39,0,,467114,0,2,0,0,0,0,0,0,0,0,0,0,0,0,0.0,0.0,0.0,0.0,DEF
598,Ramsay,Kayne,0.0,0.0,0.0,0,0.0,Southampton,20,False,40,0,,232797,0,2,0,0,0,0,0,0,0,0,0,0,0,0,0.0,0.0,0.0,0.0,DEF
624,Chauke,Kgaogelo,0.0,0.0,0.0,0,0.0,Southampton,20,False,45,0,,445896,0,3,0,0,0,0,0,0,0,0,0,0,0,0,0.0,0.0,0.0,0.0,MID
625,Lewis,Harry,0.0,0.0,0.0,0,0.0,Southampton,20,False,40,0,,198044,0,1,0,0,0,0,0,0,0,0,0,0,0,0,0.0,0.0,0.0,0.0,GKP
634,Ferry,Will,0.0,0.0,0.0,0,0.0,Southampton,20,False,45,0,,422306,0,3,0,0,0,0,0,0,0,0,0,0,0,0,0.0,0.0,0.0,0.0,MID
635,Tchaptchet,Allan,0.0,0.0,0.0,0,0.0,Southampton,20,False,40,0,,447093,0,2,0,0,0,0,0,0,0,0,0,0,0,0,0.0,0.0,0.0,0.0,DEF
636,Watts,Caleb,0.0,0.0,0.0,0,0.0,Southampton,20,False,45,0,,456966,0,3,0,0,0,0,0,0,0,1,0,0,0,1,1.2,4.0,0.0,0.5,MID
643,Jankewitz,Alexandre,0.0,0.0,0.0,0,0.0,Southampton,20,False,45,0,,449781,0,3,0,0,0,0,0,0,0,0,0,0,0,0,0.0,0.0,0.0,0.0,MID
212,Stevens,Jordan,0.0,0.0,0.0,0,0.0,Leeds,2,False,43,0,0.0,434138,0,3,0,0,0,0,0,0,0,0,0,0,0,0,0.0,0.0,0.0,0.0,MID
384,Rose,Danny,0.0,0.0,0.0,0,0.0,Spurs,6,False,47,0,0.0,38290,0,2,0,0,0,0,0,0,0,0,0,0,0,0,0.0,0.0,0.0,0.0,DEF
208,Miazek,Kamil,0.0,0.0,0.0,0,0.0,Leeds,2,False,40,0,0.0,214987,0,1,0,0,0,0,0,0,0,0,0,0,0,0,0.0,0.0,0.0,0.0,GKP
207,Grot,Jay-Roy,0.0,0.0,0.0,0,0.0,Leeds,2,False,47,0,0.0,204642,0,3,0,0,0,0,0,0,0,0,0,0,0,0,0.0,0.0,0.0,0.0,MID
199,Forshaw,Adam,0.0,0.0,0.0,0,0.0,Leeds,2,False,48,0,0.0,80179,0,3,0,0,0,0,0,0,0,0,0,0,0,0,0.0,0.0,0.0,0.0,MID
196,Douglas,Barry,0.0,0.0,0.0,0,0.0,Leeds,2,False,38,0,0.0,57913,0,2,0,0,0,0,0,0,0,0,0,0,0,0,0.0,0.0,0.0,0.0,DEF
237,Benkovic,Filip,0.0,0.0,0.0,0,0.0,Leicester,13,False,43,0,0.0,213405,0,2,0,0,0,0,0,0,0,0,0,0,0,0,0.0,0.0,0.0,0.0,DEF
1,Özil,Mesut,0.0,0.0,0.0,0,0.0,Arsenal,3,False,67,0,0.0,37605,0,3,0,0,0,0,0,0,0,0,0,0,0,0,0.0,0.0,0.0,0.0,MID
31,Taylor,Neil,-0.2,0.0,-0.2,-1,-1.0,Aston Villa,7,False,42,0,,47390,0,2,0,0,0,2,0,0,0,1,0,0,0,1,0.8,0.7,0.0,0.2,DEF
