id,second_name,first_name,minutes,value_season,value_form,form,total_points,points_per_game,team,team_code,in_dreamteam,now_cost,event_points,chance_of_playing_next_round,code,dreamteam_count,element_type,goals_scored,assists,clean_sheets,goals_conceded,own_goals,penalties_saved,penalties_missed,yellow_cards,red_cards,saves,bonus,bps,influence,creativity,threat,ict_index,position
254,Salah,Mohamed,1651,11.7,0.4,4.6,146,7.3,Liverpool,14,True,125,15,100.0,118748,4,3,15,4,5,23,0,0,0,0,0,0,16,442,696.8,487.9,1001.0,218.5,MID
302,Borges Fernandes,Bruno Miguel,1745,12.7,0.3,3.0,145,6.9,Man Utd,1,True,114,3,,141746,6,3,11,9,7,22,0,0,1,4,0,0,22,522,783.0,876.2,728.0,238.9,MID
390,Son,Heung-Min,1706,14.6,0.5,4.8,143,7.2,Spurs,6,True,98,2,100.0,85971,7,3,12,6,8,15,0,0,0,0,0,0,18,458,657.8,526.8,638.0,182.6,MID
388,Kane,Harry,1654,12.9,0.5,6.0,143,7.5,Spurs,6,True,111,0,0.0,78830,6,4,12,11,6,17,0,0,0,1,0,0,26,512,763.4,371.2,792.0,192.4,FWD
202,Bamford,Patrick,1695,18.0,0.8,5.0,119,6.0,Leeds,2,True,66,15,75.0,106617,3,4,11,7,6,34,0,0,0,1,0,0,16,388,508.0,160.2,934.0,160.1,FWD
37,Grealish,Jack,1707,15.5,0.7,5.5,119,6.3,Aston Villa,7,True,77,6,,114283,2,3,6,11,10,21,0,0,0,4,0,0,12,457,625.0,855.7,819.0,229.8,MID
224,Vardy,Jamie,1476,11.6,0.2,1.8,116,6.4,Leicester,13,True,100,0,0.0,101668,4,4,11,8,6,19,0,0,1,1,0,0,17,412,527.8,183.3,762.0,147.4,FWD
506,Wilson,Callum,1687,16.7,0.7,4.3,110,5.8,Newcastle,4,False,66,13,100.0,75115,3,4,10,5,5,28,0,0,0,2,0,0,19,345,464.0,199.8,598.0,126.0,FWD
12,Martínez,Emiliano,1710,20.2,1.0,5.0,103,5.4,Aston Villa,7,True,51,10,,98980,2,1,0,0,10,21,0,1,0,0,0,66,13,444,515.0,20.0,0.0,53.3,GKP
251,Mané,Sadio,1599,8.7,0.4,4.4,103,5.4,Liverpool,14,False,119,0,75.0,110979,2,3,7,7,5,16,0,0,0,2,0,0,8,297,483.6,460.4,956.0,190.3,MID
141,Zaha,Wilfried,1610,14.0,0.4,3.0,101,5.6,Crystal Palace,31,False,72,2,100.0,82403,3,3,9,3,4,29,0,0,0,4,0,0,11,250,412.4,257.8,700.0,137.1,MID
164,Calvert-Lewin,Dominic,1583,13.0,0.2,1.3,99,5.5,Everton,11,False,76,2,100.0,177815,2,4,11,4,5,22,0,0,0,3,0,0,10,346,474.6,167.0,840.0,147.9,FWD
96,Pope,Nick,1710,18.1,0.9,4.6,98,5.2,Burnley,90,False,54,3,100.0,98747,2,1,0,0,7,21,0,0,0,0,0,80,17,418,594.0,10.0,0.0,60.3,GKP
306,Rashford,Marcus,1706,10.2,0.3,2.8,98,4.7,Man Utd,1,False,96,3,100.0,176297,2,3,7,5,7,24,0,0,0,3,0,0,4,288,455.2,339.4,665.0,146.0,MID
449,Soucek,Tomas,1890,18.3,0.9,5.0,97,4.6,West Ham,21,False,53,1,,215439,4,3,7,1,7,27,0,0,0,3,0,0,13,333,503.2,110.6,590.0,120.4,MID
276,Sterling,Raheem,1438,8.4,0.4,4.3,97,5.4,Man City,43,False,116,0,100.0,103955,1,3,6,6,9,11,0,0,1,1,0,0,9,269,385.6,310.1,804.0,149.8,MID
435,Cresswell,Aaron,1890,17.5,0.9,4.8,96,4.6,West Ham,21,True,55,4,100.0,55459,2,2,0,8,7,27,0,0,0,0,0,0,11,453,413.4,486.1,53.0,95.5,DEF
272,De Bruyne,Kevin,1405,8.1,0.4,4.5,95,5.6,Man City,43,False,118,0,0.0,61366,2,3,3,10,9,11,0,0,1,1,0,0,12,368,514.6,796.8,663.0,197.6,MID
235,Barnes,Harvey,1549,13.6,0.9,6.2,94,4.7,Leicester,13,False,69,8,,201666,1,3,7,3,5,21,0,0,0,0,0,0,8,252,432.0,266.2,641.0,134.0,MID
255,Robertson,Andrew,1890,12.4,0.4,2.6,92,4.4,Liverpool,14,True,74,2,100.0,122798,2,2,1,5,6,24,0,0,0,1,0,0,11,467,439.4,671.0,220.0,133.3,DEF
556,Gato Alves Dias,Rúben Santos,1599,15.2,1.1,6.8,91,5.1,Man City,43,True,60,8,,171314,1,2,0,1,12,7,1,0,0,2,0,0,9,401,360.6,32.2,164.0,55.8,DEF
231,Maddison,James,1291,12.2,0.9,6.8,89,4.7,Leicester,13,False,73,5,100.0,172780,2,3,6,5,7,17,0,0,0,3,0,0,7,297,388.4,535.2,363.0,128.5,MID
8,Leno,Bernd,1890,17.8,1.2,5.8,89,4.2,Arsenal,3,False,50,7,,80201,2,1,0,0,8,20,0,1,0,0,0,51,6,407,437.2,0.0,0.0,43.7,GKP
278,Santana de Moraes,Ederson,1710,14.7,0.9,5.2,88,4.6,Man City,43,False,60,6,100.0,121160,0,1,0,0,12,12,0,0,0,1,0,32,1,366,274.8,0.0,0.0,27.6,GKP
474,Lomba Neto,Pedro,1711,15.2,0.4,2.6,88,4.2,Wolves,39,False,58,2,100.0,247632,1,3,4,5,6,27,0,0,0,1,0,0,7,351,411.2,687.8,477.0,157.8,MID
370,Ward-Prowse,James,1800,14.3,0.6,3.5,87,4.3,Southampton,20,False,61,1,100.0,101178,3,3,4,5,8,25,0,0,0,4,0,0,8,412,492.8,548.3,138.0,117.7,MID
277,Cancelo,João Pedro Cavaco,1279,14.3,0.9,5.5,86,5.7,Man City,43,False,60,0,100.0,121145,1,2,1,2,9,6,0,0,0,3,0,0,13,353,332.2,437.0,197.0,96.7,DEF
228,Tielemans,Youri,1833,13.4,1.1,6.8,86,4.1,Leicester,13,False,64,2,,166989,2,3,5,2,7,25,0,0,0,4,0,0,11,369,469.6,257.7,236.0,96.5,MID
514,Watkins,Ollie,1710,13.7,0.6,4.0,85,4.5,Aston Villa,7,False,62,2,,178301,3,4,8,4,10,21,0,0,1,1,0,0,6,273,444.8,323.3,956.0,171.8,FWD
232,Chilwell,Benjamin,1425,13.9,0.4,2.6,85,5.0,Chelsea,8,False,61,0,100.0,172850,1,2,2,4,7,17,0,0,0,2,0,0,7,342,363.0,324.0,224.0,90.5,DEF
445,Bowen,Jarrod,1620,13.7,0.7,4.2,85,4.0,West Ham,21,False,62,2,,178186,2,3,5,3,6,22,0,0,0,0,0,0,5,265,325.4,351.5,503.0,118.2,MID
203,Harrison,Jack,1579,15.7,0.9,5.0,85,4.5,Leeds,2,False,54,9,100.0,221399,2,3,5,4,6,32,0,0,0,1,0,0,7,286,436.4,491.5,352.0,128.2,MID
249,Firmino,Roberto,1617,8.9,0.3,3.2,84,4.0,Liverpool,14,False,94,4,,92217,1,4,6,4,6,22,0,0,0,1,0,0,10,347,415.4,336.5,853.0,160.1,FWD
217,Schmeichel,Kasper,1890,15.3,0.8,4.6,84,4.0,Leicester,13,False,55,2,100.0,17745,3,1,0,0,7,25,0,0,0,0,0,60,6,379,514.2,0.0,0.0,51.5,GKP
42,Targett,Matt,1694,17.9,1.5,7.0,84,4.4,Aston Villa,7,False,47,6,,169359,2,2,0,3,11,19,0,0,0,4,0,0,5,385,315.6,236.9,82.0,63.6,DEF
376,Bednarek,Jan,1710,16.9,0.6,2.8,83,4.2,Southampton,20,False,49,2,100.0,171771,2,2,1,1,8,22,0,0,0,1,0,0,11,397,407.6,43.0,129.0,58.1,DEF
271,Gündogan,Ilkay,1125,14.3,1.3,7.8,83,5.5,Man City,43,False,58,3,100.0,59859,4,3,7,0,9,3,0,0,0,0,0,0,12,320,395.8,353.7,330.0,108.0,MID
383,Lloris,Hugo,1800,14.8,0.6,3.4,83,4.2,Spurs,6,False,56,2,100.0,37915,0,1,0,0,6,21,0,0,0,0,0,66,9,380,477.6,0.0,0.0,47.7,GKP
200,Dallas,Stuart,1790,17.1,0.6,3.0,82,4.1,Leeds,2,False,48,7,,87873,1,2,4,2,6,35,0,0,0,4,0,0,5,389,423.6,212.4,286.0,92.4,DEF
431,Fabianski,Lukasz,1800,15.9,0.5,2.5,81,4.0,West Ham,21,False,51,1,100.0,37096,1,1,0,0,6,27,0,1,0,1,0,56,9,370,412.8,0.0,0.0,41.3,GKP
24,Saka,Bukayo,1503,15.0,1.2,6.6,81,4.5,Arsenal,3,False,54,0,75.0,223340,2,3,5,3,6,16,1,0,0,0,0,0,8,285,374.4,384.4,645.0,140.4,MID
110,Zouma,Kurt,1350,13.9,0.0,0.2,78,5.2,Chelsea,8,False,56,0,,103192,4,2,4,0,6,17,0,0,0,1,0,0,6,337,416.6,45.9,179.0,64.2,DEF
41,Mings,Tyrone,1574,14.3,0.7,3.8,77,4.3,Aston Villa,7,False,54,7,100.0,149484,2,2,2,1,9,20,0,0,0,3,1,0,6,341,408.0,62.6,160.0,63.3,DEF
239,Justin,James,1890,15.4,0.7,3.4,77,3.7,Leicester,13,False,50,1,,220627,2,2,1,2,7,25,0,0,0,4,0,0,7,381,391.4,286.7,160.0,84.0,DEF
366,Ings,Danny,1218,9.2,0.4,3.2,77,5.1,Southampton,20,False,84,2,100.0,84939,1,4,7,3,6,16,0,0,0,1,0,0,13,297,395.0,187.4,495.0,107.7,FWD
273,Stones,John,990,14.8,1.3,6.8,77,7.0,Man City,43,False,52,0,,97299,1,2,2,0,9,2,0,0,0,0,0,0,7,297,263.2,36.3,86.0,38.5,DEF
213,Meslier,Illan,1710,16.4,0.5,2.2,77,4.1,Leeds,2,False,47,4,100.0,437495,2,1,0,0,6,35,0,0,0,0,0,78,9,420,571.2,10.0,0.0,58.3,GKP
363,McCarthy,Alex,1710,16.5,0.3,1.2,76,4.0,Southampton,20,False,46,3,100.0,58376,1,1,0,0,7,25,0,0,0,1,0,53,7,355,445.0,0.0,0.0,44.6,GKP
490,Thiago,Thiago,1422,13.6,0.9,4.8,76,4.8,Chelsea,8,False,56,7,100.0,51090,2,2,2,0,8,16,0,0,0,3,0,0,8,366,429.6,55.1,142.0,62.7,DEF
450,Fornals,Pablo,1531,12.5,0.5,3.2,75,3.8,West Ham,21,False,60,2,,217593,0,3,2,5,7,18,0,0,0,2,0,0,7,224,230.8,219.5,338.0,78.9,MID
377,Adams,Che,1532,12.7,0.2,1.2,75,3.9,Southampton,20,False,59,1,100.0,200439,1,4,4,5,6,22,0,0,0,1,0,0,9,241,315.0,279.5,545.0,114.2,FWD
120,Mount,Mason,1616,11.0,0.6,3.8,75,3.8,Chelsea,8,False,68,3,,184341,1,3,2,5,6,22,0,0,0,2,0,0,8,338,410.6,773.4,416.0,160.0,MID
6,Lacazette,Alexandre,1211,8.9,0.7,5.8,75,4.2,Arsenal,3,False,84,2,75.0,59966,2,4,8,1,6,9,0,0,0,2,0,0,11,265,380.6,204.8,566.0,114.9,FWD
432,Ogbonna,Angelo,1862,15.0,0.4,2.2,75,3.6,West Ham,21,False,50,1,100.0,40669,2,2,2,0,7,27,0,0,0,3,0,0,5,341,378.4,52.4,164.0,59.5,DEF
325,Darlow,Karl,1890,14.8,0.5,2.3,74,3.5,Newcastle,4,False,50,6,100.0,59735,0,1,0,0,4,34,0,1,0,2,0,77,6,397,594.0,0.0,0.0,59.5,GKP
298,Maguire,Harry,1890,13.7,1.0,5.6,74,3.5,Man Utd,1,False,54,5,100.0,95658,1,2,2,1,7,27,0,0,0,5,0,0,4,389,456.0,58.2,300.0,81.5,DEF
481,Pereira,Matheus,1272,13.0,1.5,8.2,73,4.3,West Brom,35,False,56,13,100.0,210407,2,3,5,4,2,37,0,0,0,1,1,0,8,278,351.2,425.1,216.0,99.3,MID
128,Guaita,Vicente,1890,15.0,1.1,5.4,72,3.4,Crystal Palace,31,False,48,8,,40836,3,1,0,0,4,36,0,1,0,2,0,65,10,366,474.8,0.0,0.0,47.4,GKP
496,Cash,Matthew,1582,14.4,1.0,4.8,72,4.0,Aston Villa,7,False,50,9,100.0,199796,1,2,0,2,9,21,0,0,0,5,0,0,8,349,368.6,253.2,69.0,69.2,DEF
313,Wan-Bissaka,Aaron,1710,13.3,0.9,4.6,72,3.8,Man Utd,1,False,54,8,100.0,214590,0,2,1,1,7,22,0,0,0,1,0,0,6,374,432.4,220.1,78.0,72.9,DEF
117,Werner,Timo,1483,7.8,0.1,1.2,72,3.6,Chelsea,8,False,92,2,100.0,165153,1,4,4,5,7,18,0,0,0,0,0,0,5,235,313.0,263.1,720.0,129.6,FWD
68,Maupay,Neal,1386,11.8,0.7,4.0,72,3.8,Brighton,36,False,61,1,100.0,115382,1,4,7,1,5,23,0,0,1,1,0,0,10,233,313.6,192.8,702.0,120.5,FWD
548,Mendy,Edouard,1530,13.9,0.9,4.4,71,4.2,Chelsea,8,False,51,6,100.0,228286,0,1,0,0,9,14,0,0,0,0,0,29,0,321,237.6,0.0,0.0,23.9,GKP
252,Ramses Becker,Alisson,1620,12.0,0.6,3.8,71,3.9,Liverpool,14,False,59,2,100.0,116535,1,1,0,0,5,15,0,1,0,1,0,37,6,328,371.8,0.0,0.0,37.1,GKP
4,Aubameyang,Pierre-Emerick,1514,6.3,0.4,4.2,71,4.2,Arsenal,3,False,113,0,0.0,54694,1,3,5,1,7,16,1,0,0,2,0,0,6,202,272.2,226.3,519.0,101.8,MID
198,Klich,Mateusz,1594,13.4,0.3,1.8,71,3.5,Leeds,2,False,53,2,100.0,72222,0,3,3,5,6,32,0,0,0,5,0,0,3,303,363.0,524.8,225.0,111.3,MID
275,Mahrez,Riyad,942,8.6,0.3,2.8,70,5.0,Man City,43,False,81,0,,103025,2,3,5,2,7,10,0,0,0,0,0,0,7,242,307.0,424.1,453.0,118.3,MID
375,Walker-Peters,Kyle,1620,14.9,0.4,1.8,70,3.9,Southampton,20,False,47,0,0.0,158534,1,2,0,2,8,21,0,0,0,4,0,0,6,354,319.8,152.6,140.0,61.3,DEF
11,Bellerín,Héctor,1550,13.7,0.7,3.4,70,3.9,Arsenal,3,False,51,8,100.0,98745,3,2,0,3,6,17,0,0,0,7,0,0,13,318,270.4,274.2,141.0,68.6,DEF
516,Areola,Alphonse,1710,15.3,0.8,3.8,69,3.6,Fulham,54,False,45,1,,84182,1,1,0,0,4,26,0,0,0,0,0,73,7,354,532.2,0.0,0.0,53.0,GKP
259,Alexander-Arnold,Trent,1575,9.5,0.7,5.2,69,3.6,Liverpool,14,False,73,2,100.0,169187,1,2,1,3,4,23,0,0,0,1,0,0,7,351,338.4,500.5,254.0,109.1,DEF
46,Konsa Ngoyo,Ezri,1485,15.0,0.9,4.0,69,4.1,Aston Villa,7,False,46,6,100.0,199798,1,2,2,0,7,21,0,0,0,1,0,0,6,295,325.8,5.6,124.0,45.7,DEF
69,Trossard,Leandro,1349,11.9,1.0,5.8,68,3.8,Brighton,36,False,57,10,100.0,116216,2,3,2,4,6,21,0,0,0,1,0,0,7,218,254.6,459.6,351.0,106.4,MID
16,Holding,Rob,1575,15.1,1.4,6.4,68,3.8,Arsenal,3,False,45,8,100.0,156074,1,2,0,1,8,15,1,0,0,2,0,0,6,343,349.8,45.7,81.0,47.7,DEF
270,Walker,Kyle,1199,11.1,0.4,2.2,68,4.5,Man City,43,False,61,6,100.0,58621,2,2,1,1,7,11,0,0,0,1,0,0,7,272,214.4,119.0,72.0,40.5,DEF
88,Mee,Ben,1260,13.7,0.8,3.8,67,4.8,Burnley,90,False,49,1,100.0,51927,1,2,2,0,6,14,0,0,0,0,0,0,7,270,377.2,24.7,144.0,54.9,DEF
284,Foden,Phil,929,10.8,0.9,5.5,67,4.2,Man City,43,False,62,3,,209244,2,3,4,3,5,6,0,0,0,0,0,0,8,239,279.0,321.8,441.0,104.2,MID
156,Keane,Michael,1595,13.1,0.8,4.3,67,3.7,Everton,11,False,51,0,,106611,2,2,3,0,4,23,0,0,0,1,0,0,6,338,453.8,39.1,165.0,65.8,DEF
455,dos Santos Patrício,Rui Pedro,1890,12.4,0.5,2.8,67,3.2,Wolves,39,False,54,2,,38533,0,1,0,0,5,30,0,1,0,1,0,44,5,324,357.6,0.0,0.0,35.5,GKP
558,Coufal,Vladimir,1524,14.0,0.7,3.5,66,3.9,West Ham,21,False,47,1,,164555,0,2,0,4,5,23,0,0,0,2,0,0,9,329,351.8,357.8,92.0,80.4,DEF
65,March,Solomon,1604,13.2,0.5,2.4,66,3.3,Brighton,36,False,50,3,100.0,109345,1,3,2,2,6,25,0,0,0,0,0,0,6,273,359.4,394.9,318.0,107.2,MID
291,de Gea,David,1665,12.5,0.9,4.8,66,3.5,Man Utd,1,False,53,7,100.0,51940,1,1,0,0,7,24,0,0,0,0,0,40,3,302,332.0,0.0,0.0,33.2,GKP
489,Eze,Eberechi,1318,11.2,0.8,4.6,65,3.4,Crystal Palace,31,False,58,11,100.0,232413,2,3,3,3,2,30,0,0,0,2,0,0,8,251,302.6,339.2,208.0,85.0,MID
17,Tierney,Kieran,1520,12.3,0.9,4.8,65,3.8,Arsenal,3,False,53,0,75.0,192895,1,2,1,2,6,18,0,0,0,3,0,0,3,339,300.8,337.7,130.0,76.9,DEF
118,Abraham,Tammy,950,9.0,0.1,1.0,65,3.6,Chelsea,8,False,72,1,,173879,1,4,6,2,5,11,0,0,0,0,0,0,8,222,270.2,117.5,464.0,84.4,FWD
461,Saïss,Romain,1237,12.8,0.4,1.8,64,4.6,Wolves,39,False,50,0,75.0,107613,2,2,3,0,4,21,0,0,0,0,0,0,9,259,337.4,38.1,207.0,58.4,DEF
368,Armstrong,Stuart,1394,11.6,0.7,3.8,64,3.8,Southampton,20,False,55,2,100.0,91047,1,3,3,2,7,17,0,0,0,0,0,0,3,224,287.0,268.4,204.0,75.8,MID
296,Pogba,Paul,1307,8.3,0.7,5.4,64,3.6,Man Utd,1,False,77,2,100.0,74208,1,3,3,2,5,17,0,0,0,3,0,0,9,243,309.8,213.0,248.0,76.7,MID
91,Wood,Chris,1680,10.2,0.5,3.2,63,3.1,Burnley,90,False,62,2,75.0,60689,0,4,4,0,7,24,0,0,0,0,0,0,7,146,212.8,177.8,515.0,89.7,FWD
369,Vestergaard,Jannik,1125,13.4,0.0,0.0,63,4.8,Southampton,20,False,47,0,0.0,93100,1,2,3,0,5,13,0,0,0,0,0,0,3,282,366.2,45.3,149.0,56.1,DEF
540,Traoré,Bertrand,925,10.5,0.7,4.0,62,3.6,Aston Villa,7,False,59,3,100.0,110504,1,3,4,2,6,11,0,0,0,0,0,0,3,207,251.4,222.5,395.0,86.8,MID
469,Castelo Podence,Daniel,1255,11.7,0.2,1.0,62,3.6,Wolves,39,False,53,2,100.0,200600,0,3,3,2,6,16,0,0,0,2,0,0,5,216,259.4,218.9,375.0,85.5,MID
38,McGinn,John,1620,11.3,0.3,1.5,62,3.4,Aston Villa,7,False,55,3,,122806,0,3,1,5,9,21,0,0,0,5,0,0,2,247,280.8,308.7,166.0,75.5,MID
405,Ndombele,Tanguy,1134,10.3,0.6,3.6,61,3.4,Spurs,6,False,59,2,100.0,231372,1,3,3,1,8,11,0,0,0,2,0,0,5,239,290.2,201.7,191.0,68.4,MID
508,Rodríguez,James,1126,7.9,0.5,3.7,61,4.4,Everton,11,False,77,1,100.0,60025,1,3,4,3,1,19,0,0,0,3,0,0,7,281,341.0,411.9,263.0,101.8,MID
243,Wijnaldum,Georginio,1709,11.5,0.7,3.6,61,2.9,Liverpool,14,False,53,9,,41733,0,3,2,1,5,22,0,0,0,0,0,0,3,293,253.2,250.1,188.0,69.2,MID
557,Lookman,Ademola,1390,12.0,0.7,3.4,60,3.5,Fulham,54,False,50,2,,219352,0,3,3,3,4,17,0,0,1,3,0,0,5,196,345.8,382.5,538.0,126.6,MID
570,Dias Belloli,Raphael,1076,11.1,1.0,5.5,60,4.0,Leeds,2,False,54,5,75.0,219961,2,3,3,4,4,20,0,0,0,2,0,0,4,215,312.0,345.9,393.0,105.2,MID
162,Mina,Yerry,1530,10.5,0.3,1.7,59,3.5,Everton,11,False,56,1,100.0,164511,1,2,2,0,4,20,0,0,0,1,0,0,5,309,397.2,21.5,182.0,60.3,DEF
344,McGoldrick,David,1208,11.3,0.5,2.6,59,3.1,Sheffield Utd,49,False,52,1,100.0,27436,1,4,5,1,5,19,0,0,0,2,0,0,6,195,251.0,148.5,381.0,78.0,FWD
137,Townsend,Andros,1354,10.5,0.4,2.2,59,3.1,Crystal Palace,31,False,56,1,,60252,0,3,1,3,4,21,0,0,0,0,0,0,6,229,307.2,413.8,157.0,88.0,MID
89,Westwood,Ashley,1800,10.9,0.5,2.4,58,2.9,Burnley,90,False,53,1,100.0,60551,0,3,1,3,7,26,0,0,0,5,0,0,2,305,287.0,430.7,76.0,79.3,MID
81,Tarkowski,James,1620,10.9,0.5,2.4,58,3.2,Burnley,90,False,53,1,100.0,17761,0,2,0,0,7,21,0,0,0,3,0,0,3,261,348.8,57.4,174.0,58.4,DEF
417,Johnstone,Sam,1800,12.9,0.3,1.2,58,2.9,West Brom,35,False,45,2,,101982,1,1,0,0,2,48,0,0,0,0,0,85,7,376,615.0,0.0,0.0,61.5,GKP
57,Groß,Pascal,983,10.0,0.5,3.0,58,3.4,Brighton,36,False,58,9,,60307,0,3,2,3,4,12,0,0,0,1,0,0,9,242,278.6,478.9,177.0,93.4,MID
62,Dunk,Lewis,1620,11.9,1.2,5.8,57,3.2,Brighton,36,False,48,6,100.0,83299,1,2,2,0,5,26,1,0,0,4,1,0,6,310,357.8,71.8,229.0,65.9,DEF
123,James,Reece,1190,11.2,0.1,0.4,57,3.8,Chelsea,8,False,51,1,100.0,225796,2,2,1,2,4,17,0,0,0,3,0,0,9,285,310.2,345.4,183.0,84.1,DEF
148,Walcott,Theo,1246,9.8,0.4,2.2,57,3.6,Southampton,20,False,58,2,50.0,20467,0,3,2,3,5,20,0,0,0,0,0,0,2,124,189.8,182.5,265.0,63.3,MID
201,Alioski,Ezgjan,1182,12.7,0.3,1.2,57,3.2,Leeds,2,False,45,2,100.0,105377,2,2,2,0,5,22,0,0,0,3,0,0,6,241,245.8,199.0,149.0,59.5,DEF
391,Dier,Eric,1620,11.2,0.4,2.2,56,3.1,Spurs,6,False,50,0,100.0,93264,0,2,0,0,6,17,0,0,0,1,0,0,1,303,370.2,24.1,72.0,46.6,DEF
181,Decordova-Reid,Bobby,1259,10.6,0.5,2.4,56,3.1,Fulham,54,False,53,7,100.0,96994,1,4,5,1,5,16,0,0,0,5,0,0,6,237,271.4,120.5,285.0,67.6,FWD
458,Boly,Willy,1350,10.4,0.7,4.0,56,3.7,Wolves,39,False,54,2,100.0,90585,0,2,1,1,5,20,0,0,0,1,0,0,4,278,312.8,30.8,110.0,45.4,DEF
362,Bertrand,Ryan,1608,11.2,0.4,1.8,56,3.1,Southampton,20,False,50,2,100.0,40146,0,2,0,0,7,20,0,0,0,5,0,0,2,259,202.2,172.6,105.0,47.8,DEF
437,Antonio,Michail,903,8.5,1.0,6.2,55,4.2,West Ham,21,False,65,2,100.0,57531,1,4,5,1,3,13,0,0,0,1,0,0,11,163,247.8,142.2,529.0,91.7,FWD
74,White,Ben,1759,12.5,1.0,4.6,55,2.8,Brighton,36,False,44,6,100.0,198869,0,2,0,0,6,28,0,0,0,2,0,0,2,316,275.4,119.6,63.0,46.0,DEF
150,Sigurdsson,Gylfi,990,8.1,0.2,1.3,55,3.1,Everton,11,False,68,1,,55422,2,3,2,2,4,12,0,0,0,1,0,0,8,200,224.4,327.6,156.0,70.8,MID
492,Moreno,Rodrigo,985,9.6,0.4,2.2,55,3.1,Leeds,2,False,57,1,25.0,80954,2,4,3,3,2,20,0,0,0,1,0,0,8,203,212.6,310.5,429.0,95.2,FWD
308,Lindelöf,Victor,1325,11.5,0.5,2.4,55,3.7,Man Utd,1,False,48,6,100.0,184667,0,2,1,1,5,16,0,0,0,0,0,0,1,274,294.6,54.5,52.0,40.1,DEF
498,Castagne,Timothy,1085,9.5,0.6,3.4,54,4.2,Leicester,13,False,57,1,75.0,166477,2,2,1,3,4,13,0,0,0,1,0,0,4,233,229.6,148.9,102.0,48.0,DEF
166,de Andrade,Richarlison,1190,6.9,0.2,1.7,54,3.6,Everton,11,False,78,2,100.0,212319,0,4,2,5,3,14,0,0,0,2,1,0,8,180,266.0,168.3,479.0,91.3,FWD
100,McNeil,Dwight,1506,9.5,0.7,4.0,54,3.0,Burnley,90,False,57,2,100.0,433154,0,3,1,2,7,23,0,0,0,1,0,0,3,219,263.0,315.3,76.0,65.7,MID
219,Evans,Jonny,1505,9.8,0.7,3.8,54,3.2,Leicester,13,False,55,1,100.0,37642,0,2,0,1,6,19,1,0,0,5,0,0,5,295,268.8,67.7,46.0,38.3,DEF
483,Ramsdale,Aaron,1890,11.5,0.7,3.4,53,2.5,Sheffield Utd,49,False,46,3,,225321,0,1,0,0,1,34,0,0,0,1,0,71,2,332,480.4,10.0,4.0,49.4,GKP
300,Shaw,Luke,1348,11.0,1.0,4.8,53,3.1,Man Utd,1,False,48,6,100.0,106760,1,2,0,1,5,19,1,0,0,4,0,0,11,308,254.0,474.6,87.0,81.7,DEF
542,Reguilón,Sergio,1059,9.3,0.4,2.0,53,4.1,Spurs,6,False,57,0,50.0,199249,0,2,0,3,5,11,0,0,0,2,0,0,3,225,217.6,155.3,130.0,50.4,DEF
396,Højbjerg,Pierre-Emile,1800,10.8,0.7,3.4,53,2.6,Spurs,6,False,49,2,100.0,132015,0,3,1,2,6,21,0,0,0,4,0,0,0,289,394.6,163.7,85.0,64.4,MID
562,Aina,Ola,1504,11.8,0.5,2.2,53,3.1,Fulham,54,False,45,1,,159506,1,2,1,0,4,19,0,0,0,1,0,0,3,267,288.4,130.6,52.0,47.0,DEF
66,Webster,Adam,1800,12.0,0.9,3.8,53,2.6,Brighton,36,False,44,6,,110735,0,2,0,0,6,26,0,0,0,3,0,0,0,300,311.0,78.6,202.0,59.1,DEF
102,Azpilicueta,César,860,9.5,1.0,5.6,53,4.8,Chelsea,8,False,56,15,,41328,1,2,1,1,6,7,0,0,0,3,0,0,5,216,217.4,151.1,91.0,46.0,DEF
303,Martial,Anthony,1200,5.9,0.2,1.8,52,3.1,Man Utd,1,False,88,1,100.0,148225,1,4,2,5,3,21,0,0,0,0,1,0,2,171,209.6,229.1,522.0,95.8,FWD
187,Neves Abreu Cavaleiro,Ivan Ricardo,1297,9.8,0.8,4.2,52,2.9,Fulham,54,False,53,6,100.0,166324,1,3,3,0,3,23,0,0,1,1,0,0,4,127,212.0,297.2,384.0,89.3,MID
97,Taylor,Charlie,1316,11.6,0.0,0.2,52,3.2,Burnley,90,False,45,0,75.0,103914,0,2,0,2,5,20,0,0,0,1,0,0,3,257,264.2,137.0,35.0,43.6,DEF
92,Lowton,Matthew,1440,11.6,0.5,2.4,51,3.2,Burnley,90,False,44,1,100.0,68983,0,2,0,0,6,18,0,0,0,2,0,0,2,245,231.8,84.8,26.0,34.3,DEF
339,Almirón,Miguel,1185,9.1,0.5,3.0,51,2.7,Newcastle,4,False,56,3,,179018,0,3,2,1,3,22,0,0,0,1,0,0,4,201,264.4,275.7,213.0,75.4,MID
191,Zambo Anguissa,André-Frank,1631,11.3,0.6,2.8,51,2.5,Fulham,54,False,45,2,,203325,0,3,0,3,4,23,0,0,0,4,0,0,4,278,355.4,256.6,174.0,79.0,MID
133,Kouyaté,Cheikhou,1772,10.4,0.4,2.2,51,2.5,Crystal Palace,31,False,49,3,,55037,0,3,1,0,4,29,0,0,0,0,0,0,2,261,335.0,55.5,120.0,51.2,MID
157,Pickford,Jordan,1530,10.4,0.4,2.0,50,2.9,Everton,11,False,48,1,,111234,0,1,0,0,3,22,0,0,0,1,0,47,3,275,369.6,10.0,0.0,38.0,GKP
358,Robinson,Callum,1111,9.3,0.6,3.0,50,2.5,West Brom,35,False,54,1,100.0,171975,1,4,2,3,2,32,0,0,0,0,0,0,4,167,126.8,173.6,197.0,48.9,FWD
105,Frello Filho,Jorge Luiz,880,10.6,0.4,1.8,50,3.8,Chelsea,8,False,47,3,100.0,85955,2,3,3,2,6,8,0,0,2,0,0,0,4,215,267.4,171.7,101.0,54.1,MID
45,El Ghazi,Anwar,517,8.8,0.1,0.8,50,4.2,Aston Villa,7,False,57,0,,193488,1,3,5,0,3,5,0,0,0,1,0,0,6,165,253.6,157.1,390.0,80.2,MID
448,Rice,Declan,1890,10.4,0.4,2.0,50,2.4,West Ham,21,False,48,1,,204480,0,3,0,1,7,27,0,0,0,2,0,0,0,322,321.6,270.6,154.0,75.0,MID
572,Adarabioyo,Tosin,1440,11.1,0.5,2.4,50,3.1,Fulham,54,False,45,1,,109646,1,2,0,1,4,18,0,0,0,1,0,0,5,272,324.0,29.0,91.0,44.7,DEF
561,Fofana,Wesley,1390,9.8,0.4,2.2,49,3.1,Leicester,13,False,50,1,100.0,444463,1,2,0,1,5,16,0,0,0,4,0,0,4,283,319.2,51.2,73.0,44.4,DEF
459,Coady,Conor,1773,10.2,0.4,2.0,49,2.5,Wolves,39,False,48,1,100.0,94147,0,2,0,0,5,29,0,0,0,4,0,0,2,302,345.0,25.5,17.0,39.0,DEF
466,da Silva Neves,Rúben Diogo,1388,9.4,0.8,4.2,49,2.5,Wolves,39,False,52,0,100.0,171317,0,3,2,0,4,25,0,0,0,3,0,0,3,264,349.6,245.8,241.0,83.8,MID
244,Henderson,Jordan,1405,9.1,0.3,1.8,49,2.9,Liverpool,14,False,54,2,100.0,56979,0,3,1,2,4,14,0,0,0,0,0,0,2,283,295.4,219.1,95.0,61.1,MID
106,Barkley,Ross,812,8.1,0.7,4.0,48,4.0,Aston Villa,7,False,59,8,100.0,88894,1,3,3,1,5,12,0,0,0,0,0,0,4,160,191.4,308.0,290.0,79.0,MID
386,Alderweireld,Toby,1070,8.9,0.5,2.8,48,4.0,Spurs,6,False,54,1,100.0,55605,1,2,1,0,5,11,1,0,0,1,0,0,4,230,322.6,68.0,74.0,46.6,DEF
309,McTominay,Scott,1051,9.8,0.2,1.2,48,2.7,Man Utd,1,False,49,1,75.0,195851,1,3,2,1,3,14,0,0,0,0,0,0,3,207,279.0,147.6,87.0,51.3,MID
197,Ayling,Luke,1779,10.4,0.3,1.2,47,2.4,Leeds,2,False,45,1,,66588,0,2,0,0,6,36,0,0,0,4,0,0,1,359,471.8,252.8,174.0,89.9,DEF
389,Aurier,Serge,918,9.0,0.4,2.2,47,4.3,Spurs,6,False,52,0,100.0,80226,0,2,2,1,3,12,0,0,0,0,0,0,2,206,254.6,127.1,115.0,49.7,DEF
468,Jota,Diogo,499,7.1,0.0,0.0,47,5.2,Liverpool,14,False,66,0,0.0,194634,0,3,5,0,1,11,0,0,0,0,0,0,7,138,198.0,95.3,266.0,56.0,MID
494,Magalhães,Gabriel,1051,9.4,0.0,0.0,47,3.9,Arsenal,3,False,50,0,100.0,226597,1,2,2,0,3,13,0,0,0,1,1,0,6,224,300.0,22.3,138.0,46.0,DEF
159,Iwobi,Alex,937,8.0,0.7,4.0,47,2.8,Everton,11,False,59,3,,153133,1,3,1,3,5,11,0,0,0,0,0,0,1,187,209.8,175.1,181.0,56.6,MID
485,Hendrick,Jeff,1193,10.2,0.3,1.5,47,3.1,Newcastle,4,False,46,2,100.0,83314,1,3,2,1,3,17,0,0,0,1,0,0,3,164,192.0,82.4,85.0,35.6,MID
512,Doucouré,Abdoulaye,1538,9.0,0.2,1.0,47,2.6,Everton,11,False,52,2,100.0,121599,1,3,1,2,4,23,0,0,0,5,0,0,2,272,286.6,213.1,206.0,70.5,MID
52,Soares de Paulo,Douglas Luiz,1581,9.4,0.7,3.2,46,2.6,Aston Villa,7,False,49,3,100.0,230046,0,3,0,2,9,21,0,0,0,2,1,0,0,209,233.4,199.5,99.0,53.4,MID
286,Hernandez,Rodrigo,1542,8.7,0.6,3.0,46,2.4,Man City,43,False,53,1,,220566,0,3,0,1,8,13,0,0,0,3,0,0,3,269,307.0,281.1,186.0,77.5,MID
282,de Jesus,Gabriel Fernando,894,4.9,0.3,2.8,45,3.8,Man City,43,False,91,9,100.0,205651,0,4,3,2,5,5,0,0,0,1,0,0,7,146,169.8,185.6,301.0,65.7,FWD
130,McArthur,James,1465,8.7,0.6,3.2,45,2.5,Crystal Palace,31,False,52,0,,50471,0,3,0,2,4,26,0,0,0,3,0,0,3,228,285.2,202.2,65.0,55.2,MID
500,Havertz,Kai,979,5.5,0.2,1.8,45,2.5,Chelsea,8,False,82,1,100.0,219847,0,3,1,3,4,12,0,0,0,2,0,0,0,159,165.0,214.1,181.0,55.8,MID
142,Schlupp,Jeffrey,973,8.1,0.2,1.2,44,2.9,Crystal Palace,31,False,54,0,0.0,86417,1,3,2,1,4,17,0,0,0,2,0,0,3,121,219.8,158.1,230.0,60.7,MID
287,Torres,Ferran,712,6.4,0.3,1.8,44,3.4,Man City,43,False,69,6,100.0,224444,0,3,2,3,5,6,0,0,0,1,0,0,0,105,135.0,130.8,301.0,56.5,MID
470,Kilman,Max,938,11.0,0.4,1.6,44,3.7,Wolves,39,False,40,1,,214048,1,2,0,1,4,8,0,0,0,2,0,0,6,181,166.0,51.5,49.0,26.5,DEF
546,Cabral Semedo,Nélson,1589,8.3,0.5,2.4,44,2.4,Wolves,39,False,53,2,,200402,0,2,0,1,4,25,1,0,0,4,0,0,2,283,330.2,213.1,119.0,66.5,DEF
364,Romeu Vidal,Oriol,1393,9.8,0.1,0.5,44,2.8,Southampton,20,False,45,2,75.0,78056,0,3,1,1,6,17,0,0,0,5,0,0,4,217,299.8,196.0,96.0,59.2,MID
478,Borges Da Silva,Willian,975,5.7,0.1,0.8,43,2.7,Arsenal,3,False,75,1,100.0,47431,1,3,0,4,2,13,0,0,0,0,0,0,2,185,144.6,331.0,138.0,61.6,MID
460,Jiménez,Raúl,824,5.2,0.0,0.0,43,4.3,Wolves,39,False,82,0,0.0,102057,0,4,4,1,4,10,1,0,0,0,0,0,7,148,177.4,96.2,275.0,55.0,FWD
67,Veltman,Joël,1200,10.0,1.1,4.6,43,2.7,Brighton,36,False,43,6,,111478,1,2,0,0,4,17,0,0,0,2,0,0,6,228,255.8,200.2,32.0,48.8,DEF
184,Mitrović,Aleksandar,896,7.8,0.3,1.8,43,2.7,Fulham,54,False,55,7,100.0,128389,0,4,2,3,1,15,0,0,1,2,0,0,5,122,188.6,215.7,412.0,80.2,FWD
569,Cavani,Edinson,619,5.4,0.3,2.6,43,3.1,Man Utd,1,False,79,2,100.0,40720,1,4,4,2,3,5,0,0,0,1,0,0,4,150,200.8,75.8,282.0,55.1,FWD
246,Matip,Joel,690,7.8,0.1,0.4,42,4.2,Liverpool,14,False,54,0,25.0,60914,1,2,1,2,3,5,0,0,0,2,0,0,5,194,179.0,42.4,84.0,30.6,DEF
140,Ayew,Jordan,958,7.5,0.5,2.6,42,2.5,Crystal Palace,31,False,56,5,100.0,80146,0,4,1,3,3,20,0,0,0,0,0,0,2,126,143.6,111.1,211.0,46.5,FWD
155,Digne,Lucas,971,6.9,0.4,2.7,42,3.8,Everton,11,False,61,1,100.0,101188,1,2,0,6,1,18,0,0,0,0,1,0,8,224,267.4,305.8,69.0,64.4,DEF
9,Xhaka,Granit,1354,8.1,0.7,3.4,42,2.5,Arsenal,3,False,52,3,100.0,84450,0,3,1,1,7,13,0,0,0,2,1,0,1,220,240.0,108.0,102.0,45.0,MID
98,Brownhill,Josh,1575,8.4,0.3,1.6,41,2.3,Burnley,90,False,49,0,75.0,172782,0,3,0,0,7,18,0,0,0,1,0,0,0,203,222.0,156.5,194.0,57.4,MID
95,Brady,Robbie,958,8.2,0.4,2.2,41,2.7,Burnley,90,False,50,2,100.0,90517,0,3,1,1,7,5,0,0,0,2,0,0,3,147,161.8,129.3,163.0,45.5,MID
441,Haller,Sébastien,932,6.7,0.0,0.0,41,2.6,West Ham,21,False,61,0,0.0,103123,0,4,3,0,3,12,0,0,0,0,0,0,4,113,169.6,131.6,361.0,66.2,FWD
422,Furlong,Darnell,1626,9.1,0.1,0.6,41,2.0,West Brom,35,False,45,1,,176420,0,2,1,2,2,42,1,0,0,2,0,0,2,227,289.4,165.6,167.0,62.3,DEF
253,Tavares,Fabio Henrique,1472,7.4,0.2,1.0,40,2.4,Liverpool,14,False,54,0,0.0,116643,0,3,0,1,6,18,0,0,0,4,0,0,2,264,309.2,60.6,16.0,38.9,MID
114,Ziyech,Hakim,627,4.9,0.2,1.4,40,3.6,Chelsea,8,False,81,0,100.0,124183,2,3,1,3,5,6,0,0,0,3,0,0,6,138,155.2,278.4,177.0,61.2,MID
443,Balbuena,Fabián,1080,9.1,0.0,0.0,40,3.3,West Ham,21,False,44,0,100.0,166640,0,2,1,0,4,16,0,0,0,1,0,0,0,185,240.4,7.7,75.0,32.4,DEF
597,Sánchez,Robert,900,9.1,1.1,5.0,40,4.0,Brighton,36,False,44,8,,215059,0,1,0,0,4,10,0,0,0,0,0,27,4,193,226.6,0.0,0.0,22.7,GKP
132,Benteke,Christian,686,7.1,0.4,2.2,39,2.8,Crystal Palace,31,False,55,0,100.0,54861,1,4,3,2,1,13,0,0,0,0,1,0,3,103,163.6,122.1,375.0,65.9,FWD
419,Ajayi,Oluwasemilogo Adesewo Ibidapo,1800,8.1,0.3,1.6,39,1.9,West Brom,35,False,48,1,,146426,0,2,2,1,1,50,0,0,0,3,0,0,2,247,398.8,45.1,111.0,55.4,DEF
464,Dendoncker,Leander,1306,8.3,0.3,1.6,39,2.4,Wolves,39,False,47,2,100.0,151589,0,3,0,2,6,15,0,0,0,3,0,0,0,137,163.0,219.2,277.0,65.8,MID
76,Bissouma,Yves,1582,8.9,0.3,1.2,39,2.1,Brighton,36,False,44,3,100.0,227127,0,3,1,0,5,25,0,0,0,6,1,0,2,235,267.8,147.5,110.0,52.3,MID
281,Veiga de Carvalho e Silva,Bernardo Mota,1030,5.3,0.5,3.5,39,2.8,Man City,43,False,74,3,100.0,165809,0,3,1,1,7,4,0,0,0,1,0,0,1,185,176.8,206.5,251.0,63.6,MID
204,Phillips,Kalvin,1395,8.0,0.2,1.2,39,2.4,Leeds,2,False,49,2,100.0,155405,0,3,0,2,5,25,0,0,0,5,0,0,2,240,328.8,301.4,52.0,68.4,MID
544,Gallagher,Conor,1339,7.1,0.1,0.8,39,2.6,West Brom,35,False,55,2,100.0,232787,0,3,2,0,2,29,0,0,0,6,0,0,3,183,249.6,135.4,165.0,55.0,MID
113,Kanté,N'Golo,1478,7.8,0.0,0.2,38,2.2,Chelsea,8,False,49,0,100.0,116594,0,3,0,1,6,21,0,0,0,5,0,0,0,245,274.6,220.8,31.0,52.9,MID
122,Hudson-Odoi,Callum,573,6.7,0.7,4.0,38,3.2,Chelsea,8,False,57,7,100.0,209046,0,3,2,2,3,4,0,0,0,0,0,0,2,161,183.0,254.5,204.0,64.2,MID
119,Pulisic,Christian,931,4.6,0.3,2.2,38,2.7,Chelsea,8,False,82,4,100.0,176413,0,3,1,2,4,13,0,0,0,1,0,0,0,122,156.4,184.1,375.0,71.4,MID
340,Apolinário de Lira,Joelinton Cássio,1038,6.7,0.1,0.7,38,2.4,Newcastle,4,False,57,0,,180974,1,4,1,2,2,18,0,0,0,2,0,0,2,132,169.8,125.3,230.0,52.6,FWD
346,Fleck,John,1144,6.6,0.6,3.4,37,2.5,Sheffield Utd,49,False,56,2,100.0,47247,0,3,0,3,1,21,0,0,0,1,0,0,1,174,174.8,290.0,82.0,54.7,MID
115,Loftus-Cheek,Ruben,1022,6.3,0.3,1.8,37,2.5,Fulham,54,False,59,2,100.0,126187,0,3,1,0,6,11,0,0,0,1,0,0,0,105,120.6,122.8,264.0,50.9,MID
513,Lewis,Jamal,1377,8.8,0.5,2.3,37,2.1,Newcastle,4,False,42,11,100.0,194799,1,2,0,1,3,27,0,0,0,4,0,0,3,204,203.8,180.3,25.0,40.7,DEF
395,Davies,Ben,947,8.0,0.5,2.2,37,2.5,Spurs,6,False,46,2,100.0,115556,0,2,0,2,2,12,0,0,0,0,0,0,1,183,178.8,126.0,58.0,36.2,DEF
205,Sousa de Azevedo e Costa,Hélder Wander,687,7.3,0.0,0.2,37,3.1,Leeds,2,False,51,1,,165808,1,3,2,2,2,17,1,0,0,0,0,0,2,100,154.6,112.7,192.0,45.8,MID
571,Andersen,Joachim,1231,8.2,0.5,2.2,37,2.6,Fulham,54,False,45,1,100.0,174874,0,2,0,0,4,15,0,0,0,2,1,0,2,216,239.2,20.2,13.0,27.4,DEF
442,Masuaku,Arthur,850,8.6,0.0,0.0,37,3.7,West Ham,21,False,43,0,0.0,105717,1,2,0,1,4,12,0,0,0,1,0,0,4,179,142.6,172.1,60.0,37.5,DEF
576,Dawson,Craig,540,8.0,1.3,6.0,36,6.0,West Ham,21,False,45,7,,60232,1,2,2,0,3,6,0,0,0,0,0,0,2,126,143.4,13.2,87.0,24.4,DEF
165,Holgate,Mason,790,7.5,0.2,1.0,36,4.0,Everton,11,False,48,0,100.0,194164,1,2,1,0,3,8,0,0,0,3,0,0,4,169,193.4,67.4,61.0,32.2,DEF
221,Albrighton,Marc,978,6.8,0.6,3.2,36,2.4,Leicester,13,False,53,1,,51938,0,3,0,3,4,10,0,0,0,2,0,0,0,149,192.2,223.6,186.0,60.0,MID
588,Welbeck,Danny,620,6.5,0.0,0.0,36,4.0,Brighton,36,False,55,0,0.0,50175,1,4,2,2,2,9,0,0,0,0,0,0,6,114,111.8,94.8,256.0,46.3,FWD
400,Bergwijn,Steven,934,5.1,0.5,3.4,36,2.6,Spurs,6,False,70,2,100.0,194252,0,3,0,3,5,10,0,0,0,2,0,0,0,70,83.0,144.9,105.0,32.8,MID
225,Praet,Dennis,651,6.7,0.0,0.0,35,2.7,Leicester,13,False,52,0,0.0,106837,0,3,1,2,3,8,0,0,0,0,0,0,1,119,118.4,126.4,114.0,35.7,MID
367,Stephens,Jack,855,7.6,0.7,3.0,35,3.5,Southampton,20,False,46,2,,88900,1,2,0,0,4,15,0,0,0,1,0,0,6,193,208.8,51.1,47.0,30.9,DEF
77,Lamptey,Tariq,887,7.6,0.0,0.0,35,3.2,Brighton,36,False,46,0,0.0,232792,0,2,1,3,2,15,0,0,0,2,1,0,2,156,147.8,162.9,156.0,46.7,DEF
87,Barnes,Ashley,1020,5.8,0.3,2.0,35,2.3,Burnley,90,False,60,0,75.0,44699,0,4,2,0,5,15,0,0,0,4,0,0,4,70,111.4,183.4,348.0,63.9,FWD
283,Zinchenko,Oleksandr,524,6.4,1.0,5.7,35,5.0,Man City,43,False,55,6,100.0,206325,1,2,0,0,5,1,0,0,0,0,0,0,2,145,81.8,62.8,40.0,18.5,DEF
385,Sissoko,Moussa,1236,7.1,0.2,1.0,34,2.1,Spurs,6,False,48,2,100.0,45268,0,3,0,0,5,14,0,0,0,2,0,0,2,166,143.4,73.0,49.0,26.7,MID
373,Reed,Harrison,1066,7.7,0.5,2.4,34,2.1,Fulham,54,False,44,4,100.0,153366,0,3,0,2,3,18,0,0,0,3,0,0,0,191,216.2,174.8,30.0,42.2,MID
465,Traoré,Adama,1235,5.7,0.4,2.2,34,1.7,Wolves,39,False,60,1,100.0,159533,0,3,0,1,2,21,0,0,0,3,0,0,0,149,186.8,367.6,189.0,74.3,MID
323,Fernández,Federico,1381,7.2,0.1,0.5,34,2.1,Newcastle,4,False,47,0,0.0,57145,0,2,0,0,3,26,1,0,0,2,0,0,4,252,332.2,55.1,14.0,40.0,DEF
582,Grant,Karlan,986,5.7,0.1,0.8,33,2.4,West Brom,35,False,58,2,100.0,180294,0,4,1,0,3,21,0,0,0,1,0,0,3,83,88.8,60.1,255.0,40.1,FWD
518,Mendy,Nampalys,1242,7.7,0.1,0.6,33,2.1,Leicester,13,False,43,2,,86881,0,3,0,1,4,20,0,0,0,4,0,0,0,191,128.8,90.3,16.0,23.7,MID
501,Ceballos Fernández,Daniel,1015,7.0,0.2,1.0,33,2.1,Arsenal,3,False,47,0,50.0,182539,0,3,0,1,4,12,0,0,0,3,0,0,3,207,230.6,259.6,51.0,54.3,MID
446,Diangana,Grady,1068,6.5,0.0,0.2,33,2.2,West Brom,35,False,51,0,,179830,0,3,1,0,1,28,0,0,0,0,0,0,0,95,152.4,88.5,151.0,39.2,MID
195,Cooper,Liam,1241,7.7,0.3,1.5,33,2.4,Leeds,2,False,43,2,100.0,55914,0,2,1,0,3,28,0,0,0,3,0,0,1,278,375.4,9.9,142.0,52.7,DEF
146,Mitchell,Tyrick,990,8.2,0.8,3.0,32,2.9,Crystal Palace,31,False,39,0,100.0,244723,1,2,0,1,3,17,0,0,0,1,0,0,2,155,184.4,48.8,21.0,25.5,DEF
484,Robinson,Antonee,1303,7.3,0.0,0.2,32,2.1,Fulham,54,False,44,1,100.0,169528,0,2,0,0,3,17,0,0,0,3,1,0,1,232,283.2,307.2,124.0,71.7,DEF
491,Koch,Robin,908,7.4,0.0,0.0,32,2.9,Leeds,2,False,43,0,0.0,193645,1,2,0,0,4,17,0,0,0,0,0,0,2,180,176.0,48.9,89.0,31.4,DEF
18,Pépé,Nicolas,655,4.2,0.3,2.0,32,2.3,Arsenal,3,False,76,3,100.0,195735,0,3,3,0,1,11,0,0,0,1,1,0,1,105,137.4,92.2,219.0,44.7,MID
563,Ait Nouri,Rayan,689,6.4,0.4,1.8,32,2.9,Wolves,39,False,50,0,0.0,448514,1,2,1,1,1,11,0,0,0,0,0,0,5,136,136.6,99.2,102.0,33.8,DEF
236,Ndidi,Wilfred,861,6.7,0.7,3.4,32,2.9,Leicester,13,False,48,0,0.0,203341,0,3,1,0,5,8,0,0,0,2,0,0,4,171,217.6,41.4,17.0,27.6,MID
23,Smith Rowe,Emile,552,7.3,1.0,4.6,32,4.6,Arsenal,3,False,44,3,100.0,209289,0,3,0,4,6,1,0,0,0,0,0,0,0,116,110.8,155.4,85.0,35.2,MID
345,Basham,Chris,1716,7.0,0.3,1.4,32,1.5,Sheffield Utd,49,False,46,2,,40386,0,2,0,0,0,33,0,0,0,1,0,0,2,258,327.2,136.4,100.0,56.4,DEF
107,Kovacic,Mateo,1008,6.0,0.4,2.2,32,2.0,Chelsea,8,False,53,3,100.0,91651,0,3,0,1,5,15,0,0,0,2,0,0,0,180,184.4,206.9,77.0,46.8,MID
338,Saint-Maximin,Allan,650,6.1,0.1,0.5,31,2.8,Newcastle,4,False,51,1,100.0,170137,0,3,1,1,3,11,0,0,0,0,0,0,2,92,129.0,111.6,89.0,33.0,MID
78,Connolly,Aaron,587,6.0,0.2,1.2,31,2.6,Brighton,36,False,52,1,100.0,233425,0,4,2,1,1,13,0,0,0,0,0,0,2,78,98.8,60.7,235.0,39.3,FWD
454,Santos Moutinho,João Filipe Iria,1309,6.0,0.3,1.8,31,1.6,Wolves,39,False,52,2,100.0,19624,0,3,0,0,2,26,0,0,0,2,1,0,0,199,209.0,325.9,38.0,57.6,MID
103,Giroud,Olivier,506,4.6,0.1,0.8,31,2.8,Chelsea,8,False,67,0,100.0,44346,1,4,3,0,2,4,0,0,0,1,0,0,3,100,123.6,98.6,311.0,53.4,FWD
144,Riedewald,Jairo,677,7.0,0.2,0.8,31,1.8,Crystal Palace,31,False,44,1,100.0,173954,1,3,1,0,2,13,0,0,0,0,0,0,1,117,136.6,79.6,43.0,26.0,MID
299,Rodrigues de Paula Santos,Frederico,1182,5.8,0.3,1.6,31,2.1,Man Utd,1,False,53,3,,101582,0,3,0,0,6,13,0,0,0,3,0,0,0,189,218.4,174.2,85.0,47.8,MID
412,Bartley,Kyle,1059,7.0,0.6,2.6,31,2.4,West Brom,35,False,44,6,100.0,59940,0,2,2,1,1,27,0,0,0,2,0,0,0,174,320.0,14.8,118.0,45.2,DEF
566,Godfrey,Ben,1049,6.2,0.3,1.3,31,2.6,Everton,11,False,50,0,100.0,198826,0,2,0,0,3,11,0,0,0,3,0,0,1,181,194.6,38.6,19.0,25.3,DEF
413,Sawyers,Romaine,1409,6.6,0.3,1.6,31,1.7,West Brom,35,False,47,0,,61600,0,3,0,0,1,40,1,0,0,2,0,0,0,185,149.8,101.1,13.0,26.3,MID
382,Djenepo,Moussa,725,5.7,0.1,0.5,31,2.2,Southampton,20,False,54,1,100.0,431131,0,3,1,2,3,9,0,0,0,3,0,0,0,88,103.4,72.3,131.0,30.4,MID
109,Rüdiger,Antonio,540,6.7,1.0,4.4,30,5.0,Chelsea,8,False,45,6,,102380,0,2,0,0,4,3,0,0,0,0,0,0,3,140,113.8,25.8,64.0,20.4,DEF
509,Ampadu,Ethan,1240,7.0,0.7,2.8,30,2.0,Sheffield Utd,49,False,43,2,100.0,199598,1,2,0,0,1,22,0,0,0,1,0,0,3,193,261.0,133.6,31.0,42.7,DEF
497,Murphy,Jacob,736,6.1,0.2,0.8,30,2.3,Newcastle,4,False,49,0,,114243,1,3,1,1,1,16,0,0,0,2,0,0,2,105,144.0,111.2,108.0,36.3,MID
229,Pérez,Ayoze,743,5.0,0.2,1.2,30,2.3,Leicester,13,False,60,2,,168580,0,3,1,0,2,11,0,0,0,1,0,0,2,76,141.8,229.5,294.0,66.8,MID
457,Doherty,Matt,795,5.4,0.1,0.8,30,3.3,Spurs,6,False,56,0,100.0,87835,1,2,0,1,3,9,0,0,0,1,1,0,3,127,135.6,98.6,53.0,28.9,DEF
315,Greenwood,Mason,788,4.3,0.2,1.4,30,2.0,Man Utd,1,False,70,1,100.0,220688,0,3,1,0,2,15,0,0,0,1,0,0,0,90,70.2,96.6,247.0,41.2,MID
504,Silva,Fabio,700,5.8,0.4,2.2,30,2.0,Wolves,39,False,52,1,,449988,0,4,2,0,0,18,0,0,0,2,0,0,2,82,80.8,89.5,323.0,49.1,FWD
134,Ward,Joel,995,7.0,0.7,3.0,30,2.5,Crystal Palace,31,False,43,1,100.0,55494,0,2,0,1,3,19,0,0,0,3,0,0,2,158,176.6,75.2,15.0,26.7,DEF
486,Dann,Scott,810,6.7,0.3,1.2,29,3.2,Crystal Palace,31,False,43,6,100.0,19188,0,2,1,0,2,11,0,0,0,1,0,0,1,152,170.2,14.3,89.0,27.5,DEF
357,McBurnie,Oliver,833,5.2,0.0,0.2,29,2.1,Sheffield Utd,49,False,56,1,100.0,169432,0,4,1,1,0,17,0,0,0,1,0,0,2,64,135.2,130.1,342.0,60.3,FWD
360,Berge,Sander,1015,5.9,0.0,0.0,29,2.2,Sheffield Utd,49,False,49,0,0.0,207189,0,3,1,1,0,19,0,0,0,4,0,0,1,148,175.8,168.9,126.0,47.0,MID
108,Batshuayi,Michy,535,5.1,0.3,1.8,29,2.2,Crystal Palace,31,False,57,2,100.0,94245,0,4,1,2,2,10,0,0,0,0,0,0,1,73,87.2,96.8,176.0,35.8,FWD
424,Burke,Oliver,834,6.7,0.5,2.2,28,2.0,Sheffield Utd,49,False,42,2,100.0,197937,0,3,1,1,1,12,0,0,0,2,0,0,0,72,89.4,154.7,300.0,53.9,MID
54,Lallana,Adam,775,4.5,0.1,0.4,28,1.9,Brighton,36,False,62,1,100.0,39155,0,3,0,1,3,8,0,0,0,0,0,0,0,120,100.8,197.2,117.0,41.1,MID
355,Lundstram,John,1125,5.7,0.5,2.4,28,1.8,Sheffield Utd,49,False,49,2,100.0,153723,0,3,0,2,2,19,0,0,1,5,1,0,2,142,170.8,270.1,177.0,61.7,MID
351,Baldock,George,1620,5.7,0.1,0.6,28,1.6,Sheffield Utd,49,False,49,1,100.0,82691,0,2,0,1,0,29,0,0,0,3,0,0,0,176,194.4,203.4,180.0,58.0,DEF
39,Hause,Kortney,360,6.4,0.0,0.0,28,7.0,Aston Villa,7,False,44,0,0.0,123354,1,2,1,0,3,1,0,0,0,1,0,0,3,89,91.0,1.5,49.0,14.2,DEF
3,Luiz Moreira Marinho,David,839,5.2,0.7,3.8,28,2.3,Arsenal,3,False,54,6,100.0,41270,0,2,0,0,3,10,0,0,0,1,0,0,0,143,132.8,30.4,86.0,24.9,DEF
321,Shelvey,Jonjo,1086,5.3,0.4,2.0,28,2.2,Newcastle,4,False,53,5,100.0,50232,0,3,0,1,3,18,0,0,0,3,0,0,0,163,183.8,266.4,146.0,59.7,MID
83,Pieters,Erik,755,6.5,0.5,2.0,28,2.2,Burnley,90,False,43,1,100.0,39487,0,2,0,1,2,12,1,0,0,0,0,0,2,121,113.6,43.3,39.0,19.5,DEF
587,Benrahma,Saïd,696,4.7,0.4,2.2,28,2.2,West Ham,21,False,60,2,,172841,0,3,0,2,2,10,0,0,0,0,0,0,0,98,112.2,149.5,240.0,50.3,MID
175,Cairney,Tom,758,5.2,0.0,0.0,27,2.7,Fulham,54,False,52,0,0.0,76357,0,3,1,1,1,15,0,0,0,2,0,0,2,160,170.6,278.3,124.0,57.3,MID
266,Luiz Rosa,Fernando,517,5.0,0.5,2.5,27,2.7,Man City,43,False,54,8,100.0,27789,0,2,0,0,3,3,0,0,0,1,0,0,2,121,79.0,47.1,53.0,18.1,DEF
22,Nketiah,Edward,317,5.0,0.1,0.4,27,1.9,Arsenal,3,False,54,1,,205533,0,4,1,1,0,6,0,0,0,0,0,0,4,84,74.4,58.8,120.0,24.9,FWD
139,van Aanholt,Patrick,918,5.0,0.3,1.8,27,2.5,Crystal Palace,31,False,54,9,100.0,74230,0,2,0,2,1,20,0,0,0,1,0,0,3,171,159.6,163.9,135.0,45.9,DEF
80,Mac Allister,Alexis,450,5.1,0.5,2.6,27,3.0,Brighton,36,False,53,3,100.0,243016,0,3,1,1,3,3,0,0,0,1,0,0,3,88,104.2,102.4,91.0,29.6,MID
241,Milner,James,489,5.1,0.2,1.0,27,2.1,Liverpool,14,False,53,1,100.0,15157,1,3,0,2,3,2,0,0,0,1,0,0,2,128,114.6,163.7,51.0,32.9,MID
324,Clark,Ciaran,936,6.0,0.2,0.8,27,2.5,Newcastle,4,False,45,1,100.0,58845,0,2,1,0,2,17,0,0,0,2,0,0,0,146,210.8,16.3,69.0,29.8,DEF
40,Ibrahim Hassan,Mahmoud Ahmed,732,5.2,0.1,0.5,27,2.5,Aston Villa,7,False,52,0,100.0,148508,0,3,0,1,4,10,0,0,0,0,0,0,0,78,115.8,122.2,343.0,57.9,MID
138,Milivojevic,Luka,1131,4.6,0.5,2.6,26,1.5,Crystal Palace,31,False,56,3,100.0,66975,0,3,0,0,3,25,0,0,0,4,1,0,0,156,170.2,153.4,70.0,39.3,MID
263,Jones,Curtis,727,5.9,0.3,1.2,26,1.9,Liverpool,14,False,44,4,,206915,0,3,0,1,3,9,0,0,0,1,0,0,0,116,134.2,153.3,156.0,44.4,MID
336,Hayden,Isaac,1270,5.5,0.3,1.3,26,1.6,Newcastle,4,False,47,3,100.0,153127,0,3,0,0,3,22,0,0,0,6,0,0,0,132,176.8,69.8,107.0,35.5,MID
15,Maitland-Niles,Ainsley,485,5.7,0.3,1.4,26,2.4,Arsenal,3,False,46,0,,154043,0,2,0,1,2,6,0,0,0,0,0,0,1,110,77.6,42.7,22.0,14.3,DEF
411,Phillips,Matt,679,4.9,0.2,0.8,25,1.6,West Brom,35,False,51,1,100.0,50229,0,3,0,1,0,20,0,0,0,1,0,0,1,83,101.0,174.4,82.0,35.7,MID
70,Ryan,Mathew,990,6.0,0.0,0.0,25,2.3,Arsenal,3,False,42,0,,131897,0,1,0,0,2,19,0,0,0,1,0,16,0,161,132.4,0.3,0.0,13.2,GKP
577,Clyne,Nathaniel,875,5.6,0.3,1.2,25,2.5,Crystal Palace,31,False,45,6,,57328,0,2,0,1,2,16,0,0,0,1,0,0,0,147,123.8,51.8,34.0,21.2,DEF
392,Rodrigues Moura da Silva,Lucas,488,3.7,0.1,0.6,25,1.7,Spurs,6,False,67,1,100.0,95715,0,3,1,0,1,7,0,0,0,0,0,0,1,60,79.4,57.4,145.0,28.0,MID
418,Townsend,Conor,704,5.5,0.0,0.0,24,3.0,West Brom,35,False,44,0,100.0,108053,0,2,0,0,2,10,0,0,0,0,0,0,3,128,139.0,74.2,50.0,26.3,DEF
320,Carroll,Andy,359,4.6,0.4,2.0,24,2.0,Newcastle,4,False,52,0,100.0,40142,0,4,1,1,1,8,0,0,0,1,0,0,3,64,57.2,36.0,152.0,23.5,FWD
274,Mendy,Benjamin,504,4.1,0.0,0.0,24,4.0,Man City,43,False,59,0,100.0,102826,1,2,1,0,2,8,0,0,0,2,0,0,2,96,72.8,40.2,35.0,14.6,DEF
218,Fuchs,Christian,701,5.3,0.0,0.0,24,2.7,Leicester,13,False,45,0,100.0,37402,0,2,0,0,3,9,0,0,0,4,0,0,2,112,137.0,33.9,22.0,19.2,DEF
526,El Sayed Elneny,Mohamed Naser,908,5.3,0.1,0.4,23,1.9,Arsenal,3,False,43,0,100.0,153256,0,3,0,0,3,12,0,0,0,2,0,0,0,140,108.2,73.2,28.0,20.8,MID
334,Schär,Fabian,1041,4.7,0.3,1.5,23,1.6,Newcastle,4,False,49,7,100.0,119471,0,2,0,0,2,17,0,0,0,4,0,0,1,141,198.2,6.9,64.0,26.9,DEF
353,Egan,John,1631,4.9,0.4,1.8,23,1.2,Sheffield Utd,49,False,47,1,100.0,108416,0,2,0,0,1,32,0,0,0,6,1,0,1,210,318.4,22.4,57.0,39.7,DEF
152,Coleman,Seamus,663,4.8,0.2,1.0,23,1.9,Everton,11,False,48,1,100.0,59949,0,2,0,1,1,11,0,0,0,0,0,0,1,135,141.6,70.1,59.0,27.1,DEF
332,Manquillo,Javier,619,5.5,0.3,1.2,23,2.9,Newcastle,4,False,42,6,100.0,109528,0,2,0,0,3,9,0,0,0,1,0,0,0,107,74.8,78.6,14.0,16.8,DEF
295,Matic,Nemanja,730,4.9,0.3,1.2,23,1.9,Man Utd,1,False,47,0,100.0,62398,0,3,0,1,3,13,0,0,0,2,0,0,0,134,133.8,102.0,25.0,26.1,MID
507,Fraser,Ryan,476,4.1,0.1,0.7,23,2.1,Newcastle,4,False,56,3,100.0,90105,0,3,0,3,2,10,0,0,0,0,1,0,0,77,54.0,142.8,62.0,25.6,MID
158,Tavares Gomes,André Filipe,687,4.3,0.4,2.3,23,1.6,Everton,11,False,53,1,100.0,120250,0,3,0,1,2,11,0,0,0,2,0,0,0,86,84.6,102.9,52.0,23.6,MID
568,Telles,Alex Nicolao,509,4.0,0.3,1.4,22,3.1,Man Utd,1,False,55,0,100.0,152590,0,2,0,2,1,8,0,0,0,0,0,0,3,118,122.0,167.8,30.0,31.9,DEF
86,Rodriguez,Jay,680,3.8,0.2,1.0,22,1.4,Burnley,90,False,58,1,100.0,44683,0,4,0,1,2,15,0,0,0,3,0,0,0,58,46.6,58.2,134.0,23.4,FWD
262,Brewster,Rhian,723,4.9,0.3,1.2,22,1.3,Sheffield Utd,49,False,45,2,100.0,195473,0,4,0,0,1,10,0,0,0,0,0,0,0,51,43.2,87.7,124.0,25.1,FWD
211,Struijk,Pascal,829,5.6,0.5,1.8,22,2.0,Leeds,2,False,39,2,,222694,0,2,0,0,2,17,0,0,0,1,0,0,1,158,184.4,27.4,12.0,22.2,DEF
365,Redmond,Nathan,509,3.3,0.1,0.8,21,1.9,Southampton,20,False,64,2,100.0,83283,0,3,1,0,1,6,0,0,0,0,0,0,0,63,75.0,77.7,149.0,30.0,MID
349,Norwood,Oliver,897,4.7,0.4,1.6,21,1.4,Sheffield Utd,49,False,45,1,,79934,0,3,0,0,1,17,0,0,0,4,0,0,0,128,147.0,223.5,22.0,39.2,MID
61,Burn,Dan,929,5.0,0.3,1.2,21,1.6,Brighton,36,False,42,0,,78916,0,2,0,0,2,14,1,0,0,4,0,0,0,121,114.4,52.6,64.0,22.7,DEF
279,Aké,Nathan,469,3.9,0.0,0.0,21,3.5,Man City,43,False,54,0,0.0,126184,0,2,1,0,2,7,0,0,0,3,0,0,1,97,108.0,35.5,23.0,16.6,DEF
502,Marques Loureiro,Allan,1028,4.0,0.0,0.0,21,1.8,Everton,11,False,52,0,0.0,119765,0,3,0,0,2,16,0,0,0,4,0,0,0,140,177.4,99.0,27.0,30.5,MID
343,Sharp,Billy,316,3.8,0.3,1.8,21,2.3,Sheffield Utd,49,False,55,1,100.0,18867,0,4,2,0,0,5,0,0,0,1,0,0,3,48,71.6,29.2,102.0,20.1,FWD
480,Longstaff,Sean,824,4.5,0.1,0.7,21,1.8,Newcastle,4,False,47,0,,180135,0,3,0,0,1,16,0,0,0,2,0,0,1,103,84.0,94.8,76.0,25.3,MID
403,Lo Celso,Giovani,433,2.9,0.0,0.0,20,1.8,Spurs,6,False,69,0,0.0,200826,0,3,1,1,2,4,0,0,0,3,0,0,0,71,107.6,126.7,96.0,32.7,MID
5,Soares,Cédric,275,4.3,0.8,3.8,20,5.0,Arsenal,3,False,46,5,100.0,58822,0,2,0,1,2,1,0,0,0,1,0,0,3,71,53.6,65.7,10.0,12.9,DEF
409,Livermore,Jake,1112,4.3,0.3,1.6,20,1.4,West Brom,35,False,47,2,100.0,49944,0,3,0,0,1,32,1,0,0,2,1,0,0,88,121.8,70.9,53.0,24.2,MID
33,Hourihane,Conor,225,3.4,0.0,0.0,20,5.0,Aston Villa,7,False,59,0,0.0,85242,1,3,1,1,2,2,0,0,0,0,0,0,3,70,65.4,82.9,33.0,18.2,MID
356,Osborn,Ben,765,4.0,0.2,1.0,19,1.6,Sheffield Utd,49,False,48,0,25.0,167878,0,3,0,0,1,13,0,0,0,1,0,0,0,112,127.6,169.4,59.0,35.8,MID
310,Bailly,Eric,548,3.9,0.4,1.8,19,2.7,Man Utd,1,False,49,0,100.0,197365,0,2,0,0,2,11,0,0,0,2,0,0,4,119,126.0,5.1,20.0,15.2,DEF
280,Laporte,Aymeric,488,3.2,0.2,1.2,19,3.2,Man City,43,False,60,6,100.0,146941,0,2,0,0,2,4,0,0,0,1,0,0,2,94,81.8,34.5,43.0,15.9,DEF
163,Davies,Tom,578,3.7,0.2,1.3,19,1.7,Everton,11,False,52,0,,173807,0,3,0,0,2,6,0,0,0,1,0,0,0,97,89.8,45.7,2.0,13.8,MID
567,Partey,Thomas,531,3.9,0.5,2.4,19,2.1,Arsenal,3,False,49,3,100.0,167199,0,3,0,1,3,5,0,0,0,1,0,0,0,99,112.2,72.6,31.0,21.6,MID
439,Lanzini,Manuel,310,3.0,0.1,0.8,19,1.7,West Ham,21,False,64,0,100.0,86934,0,3,1,1,0,3,0,0,0,1,0,0,0,68,79.0,69.5,89.0,23.6,MID
290,Mata,Juan,334,3.3,0.0,0.0,19,3.2,Man Utd,1,False,58,0,,43670,0,3,0,3,1,3,0,0,0,0,0,0,0,76,66.2,121.9,67.0,25.5,MID
347,Stevens,Enda,1350,3.6,0.1,0.4,18,1.2,Sheffield Utd,49,False,50,0,0.0,63426,0,2,0,0,0,28,0,0,0,3,0,0,0,177,224.2,101.1,99.0,42.5,DEF
530,Ivanovic,Branislav,741,4.1,0.0,0.0,18,1.6,West Brom,35,False,44,0,100.0,41135,0,2,0,0,2,18,0,0,0,2,0,0,0,113,114.8,12.7,61.0,18.8,DEF
510,Bogle,Jayden,433,4.0,0.5,2.0,17,2.8,Sheffield Utd,49,False,43,2,,226182,0,2,1,0,1,8,0,0,0,1,0,0,0,66,98.8,44.8,127.0,27.1,DEF
495,van de Beek,Donny,257,2.6,0.0,0.2,17,1.5,Man Utd,1,False,66,0,,180184,0,3,1,0,0,9,0,0,0,0,0,0,0,67,75.6,40.1,59.0,17.5,MID
258,Minamino,Takumi,289,2.8,0.0,0.2,17,1.9,Liverpool,14,False,60,0,,157882,0,3,1,0,1,4,0,0,0,0,0,0,0,61,59.4,14.6,118.0,19.1,MID
543,Bale,Gareth,229,1.8,0.1,0.6,17,2.8,Spurs,6,False,93,2,100.0,36903,0,3,1,0,1,5,0,0,0,0,0,0,3,45,55.2,73.1,63.0,19.1,MID
247,Shaqiri,Xherdan,311,2.7,0.3,2.2,17,2.4,Liverpool,14,False,64,7,100.0,68312,0,3,0,2,2,1,0,0,0,2,0,0,1,74,68.0,144.8,73.0,28.6,MID
493,Lemina,Mario,558,3.8,0.2,0.8,17,1.3,Fulham,54,False,45,2,100.0,151086,0,3,0,0,0,11,0,0,0,1,0,0,0,84,84.4,70.8,23.0,17.9,MID
555,Krovinovic,Filip,541,3.5,0.0,0.0,17,1.5,West Brom,35,False,49,0,0.0,200878,0,3,0,0,1,11,0,0,0,0,0,0,0,97,74.4,103.6,50.0,22.8,MID
193,Hernández Domínguez,Pablo,260,3.0,0.1,0.5,17,1.9,Leeds,2,False,57,0,100.0,28690,0,3,0,2,0,5,0,0,0,0,0,0,0,66,67.6,78.0,78.0,22.4,MID
104,Alonso,Marcos,315,2.9,0.5,2.8,16,4.0,Chelsea,8,False,56,14,,82263,1,2,1,0,1,6,0,0,0,1,0,0,2,67,78.0,50.1,68.0,19.6,DEF
436,Yarmolenko,Andriy,311,2.9,0.3,1.8,16,1.2,West Ham,21,False,55,1,100.0,56377,0,3,0,1,1,7,0,0,0,2,0,0,0,48,50.0,77.1,106.0,23.2,MID
328,Lascelles,Jamaal,995,3.8,0.1,0.3,16,1.3,Newcastle,4,False,42,0,0.0,101148,0,2,0,0,1,20,0,0,0,3,0,0,0,120,181.6,23.9,91.0,29.8,DEF
505,Marçal,Fernando,568,3.4,0.0,0.0,16,1.6,Wolves,39,False,47,0,0.0,111291,0,2,0,0,1,9,0,0,0,2,0,0,0,97,93.4,40.5,11.0,14.7,DEF
250,van Dijk,Virgil,370,2.4,0.0,0.0,15,3.0,Liverpool,14,False,63,0,0.0,97032,0,2,1,0,1,11,0,0,0,1,0,0,1,73,82.4,4.8,66.0,15.3,DEF
90,Gudmundsson,Johann Berg,457,2.8,0.2,1.2,15,1.7,Burnley,90,False,54,1,100.0,60586,0,3,0,0,2,6,0,0,0,0,0,0,0,45,35.0,37.5,53.0,12.6,MID
129,Tomkins,James,387,3.3,0.6,2.6,15,3.0,Crystal Palace,31,False,45,0,0.0,49413,0,2,0,0,2,8,0,0,0,1,0,0,2,75,65.2,0.8,10.0,7.6,DEF
565,Diallo,Ibrahima,438,3.3,0.4,1.8,15,1.4,Southampton,20,False,45,1,50.0,240143,0,3,0,0,2,8,0,0,0,2,0,0,0,57,51.8,49.1,22.0,12.3,MID
541,Ünder,Cengiz,236,2.6,0.1,0.4,15,1.9,Leicester,13,False,57,1,100.0,228798,0,3,0,2,0,4,0,0,0,0,0,0,0,59,70.8,81.9,88.0,24.1,MID
515,Ferreira,Vitor,196,3.1,0.2,0.8,15,1.4,Wolves,39,False,48,1,,437858,0,3,0,1,0,3,0,0,0,0,0,0,0,56,35.0,46.5,25.0,10.7,MID
10,Marí,Pablo,270,3.2,0.3,1.2,14,4.7,Arsenal,3,False,44,0,25.0,92371,0,2,0,0,2,1,0,0,0,1,0,0,1,63,59.0,11.7,4.0,7.4,DEF
517,Tete,Kenny,461,3.3,0.6,2.4,14,2.0,Fulham,54,False,43,1,100.0,167074,0,2,0,1,1,10,0,0,0,1,0,0,0,99,134.6,156.8,36.0,32.7,DEF
79,Alzate,Steven,520,3.3,0.0,0.0,14,1.8,Brighton,36,False,43,0,100.0,235382,0,3,0,0,2,13,0,0,0,1,0,0,0,74,61.0,105.0,29.0,19.6,MID
584,Rodon,Joe,371,2.8,0.2,1.0,14,2.0,Spurs,6,False,50,2,,214225,0,2,0,0,1,5,0,0,0,0,0,0,0,82,72.0,2.5,2.0,7.7,DEF
71,Jahanbakhsh,Alireza,249,2.4,0.0,0.0,13,1.2,Brighton,36,False,54,0,0.0,165210,0,3,0,1,0,6,0,0,0,2,0,0,0,62,51.4,94.5,143.0,28.8,MID
131,McCarthy,James,465,3.0,0.2,0.8,13,1.6,Crystal Palace,31,False,43,1,75.0,50472,0,3,0,0,1,9,0,0,0,1,0,0,0,69,67.8,32.8,8.0,10.8,MID
93,Vydra,Matej,275,2.7,0.2,0.8,13,1.1,Burnley,90,False,48,1,100.0,81183,0,4,0,0,0,3,0,0,0,0,0,0,0,31,12.8,30.7,122.0,16.1,FWD
531,Alcántara do Nascimento,Thiago,589,2.3,0.3,1.8,13,1.6,Liverpool,14,False,57,2,100.0,61558,0,3,0,0,1,6,0,0,0,2,0,0,0,90,106.8,166.3,79.0,35.3,MID
335,Yedlin,DeAndre,435,3.0,0.1,0.5,13,2.2,Newcastle,4,False,43,0,100.0,151119,0,2,0,0,1,6,0,0,0,0,0,0,0,68,58.6,41.8,20.0,12.0,DEF
329,Gayle,Dwight,82,2.2,0.1,0.3,13,2.2,Newcastle,4,False,59,0,100.0,104547,0,4,1,0,0,3,0,0,0,0,0,0,3,42,37.4,16.9,64.0,11.4,FWD
425,O'Shea,Dara,1293,3.0,0.1,0.4,13,0.8,West Brom,35,False,43,1,,216616,0,2,0,0,0,41,0,0,0,2,0,0,0,157,294.8,51.2,36.0,38.4,DEF
154,Anício Caldeira Duarte,Bernard,271,2.3,0.0,0.0,13,2.2,Everton,11,False,57,0,,100649,0,3,1,0,1,4,0,0,0,2,0,0,1,44,78.0,88.4,61.0,22.8,MID
352,Robinson,Jack,605,3.1,0.0,0.0,13,1.6,Sheffield Utd,49,False,42,0,75.0,83427,0,2,0,1,0,10,0,0,0,2,0,0,0,70,87.8,11.6,35.0,13.4,DEF
438,Fredericks,Ryan,339,3.1,0.1,0.5,13,1.9,West Ham,21,False,42,1,100.0,81012,0,2,0,1,1,6,0,0,0,2,0,0,0,74,84.8,122.5,63.0,27.2,DEF
261,Keita,Naby,394,2.3,0.0,0.0,12,1.7,Liverpool,14,False,52,0,0.0,175592,0,3,0,0,2,7,0,0,0,0,0,0,0,60,44.2,54.5,111.0,21.0,MID
322,Ritchie,Matt,526,2.4,0.1,0.5,12,1.5,Newcastle,4,False,49,0,100.0,56983,0,3,0,0,1,7,1,0,0,1,0,0,0,66,76.6,204.0,38.0,31.9,MID
387,Lamela,Erik,269,2.1,0.1,0.6,12,1.3,Spurs,6,False,57,1,100.0,62974,0,3,0,1,0,7,0,0,0,1,0,0,0,38,30.6,37.7,112.0,17.7,MID
29,El Mohamady,Ahmed,129,2.8,0.0,0.0,12,2.4,Aston Villa,7,False,43,0,,37339,1,2,0,0,1,0,0,0,0,0,0,0,2,43,27.2,73.0,21.0,12.2,DEF
361,Long,Shane,201,2.4,0.0,0.2,12,1.1,Southampton,20,False,51,0,,20452,0,4,0,0,1,6,0,0,0,0,0,0,0,21,9.8,6.4,19.0,3.4,FWD
182,Bryan,Joe,449,2.6,0.1,0.4,12,1.1,Fulham,54,False,46,0,,101105,0,2,0,1,0,13,0,0,0,2,0,0,0,85,72.4,55.9,47.0,17.5,DEF
427,Noble,Mark,243,2.6,0.2,0.8,12,1.1,West Ham,21,False,46,1,100.0,18073,0,3,0,0,0,7,0,0,0,1,0,0,0,44,19.8,35.8,6.0,6.1,MID
311,James,Daniel,323,1.8,0.0,0.0,11,1.8,Man Utd,1,False,62,0,,200617,0,3,1,0,0,5,0,0,0,2,0,0,0,43,58.6,56.0,147.0,26.2,MID
85,Long,Kevin,540,2.6,0.0,0.0,11,1.8,Burnley,90,False,43,0,100.0,41674,0,2,0,0,1,12,0,0,0,2,0,0,1,76,94.2,11.5,16.0,12.2,DEF
603,Bryan,Kean,227,2.8,0.4,1.6,11,2.8,Sheffield Utd,49,False,39,0,100.0,109638,0,2,1,0,0,3,0,0,0,0,0,0,0,44,66.0,16.8,37.0,12.0,DEF
589,Phillips,Nathaniel,405,2.8,0.1,0.4,11,2.2,Liverpool,14,False,40,2,,197464,0,2,0,0,1,4,0,0,0,2,0,0,0,67,86.8,15.6,6.0,10.9,DEF
238,Söyüncü,Çaglar,466,2.1,0.1,0.6,11,1.4,Leicester,13,False,53,0,100.0,218031,0,2,0,0,1,10,0,0,0,1,0,0,0,86,104.0,35.6,50.0,18.9,DEF
210,Shackleton,Jamie,296,2.3,0.0,0.2,11,1.2,Leeds,2,False,48,0,100.0,221610,0,3,0,0,1,6,0,0,0,0,0,0,0,45,46.6,39.0,16.0,10.0,MID
397,Winks,Harry,566,2.1,0.2,1.0,11,1.2,Spurs,6,False,52,0,100.0,157668,0,3,0,0,1,11,0,0,0,4,0,0,0,72,79.2,50.3,16.0,14.4,MID
487,Longstaff,Matthew,376,2.0,0.1,0.7,10,2.0,Newcastle,4,False,49,0,100.0,223175,0,3,0,0,1,8,0,0,0,0,0,0,0,47,32.6,35.6,2.0,7.0,MID
398,Sánchez,Davinson,586,1.9,0.2,0.8,10,1.2,Spurs,6,False,52,1,,173904,0,2,0,0,0,10,1,0,0,0,0,0,0,72,117.0,4.5,88.0,21.0,DEF
452,Johnson,Ben,141,2.6,0.0,0.0,10,2.5,West Ham,21,False,39,0,,222018,0,2,1,0,0,2,0,0,0,0,0,0,0,32,44.6,3.8,17.0,6.5,DEF
233,Iheanacho,Kelechi,235,1.8,0.1,0.4,10,1.0,Leicester,13,False,56,0,,173515,0,4,0,0,1,2,0,0,1,0,0,0,0,19,16.8,54.4,157.0,22.8,FWD
209,Poveda-Ocampo,Ian Carlo,245,2.3,0.1,0.5,10,1.0,Leeds,2,False,43,0,,215460,0,3,0,0,0,4,0,0,0,0,0,0,0,29,42.6,47.5,87.0,17.7,MID
206,Roberts,Tyler,295,2.1,0.1,0.5,10,1.0,Leeds,2,False,47,0,,173821,0,3,0,0,0,7,0,0,0,0,0,0,0,33,33.0,47.1,66.0,14.7,MID
260,Gomez,Joseph,589,1.9,0.0,0.0,10,1.4,Liverpool,14,False,52,0,0.0,171287,0,2,0,0,0,14,0,0,0,0,0,0,0,94,106.8,18.1,0.0,12.5,DEF
554,Ramsey,Jacob,147,2.0,0.1,0.5,9,1.3,Aston Villa,7,False,45,0,,232653,0,3,0,0,1,2,0,0,0,0,0,0,0,20,8.6,13.8,31.0,5.2,MID
44,Nakamba,Marvelous,195,2.1,0.2,1.0,9,1.5,Aston Villa,7,False,43,1,,184704,0,3,0,0,2,0,0,0,0,1,0,0,0,33,23.2,16.8,8.0,4.9,MID
26,Martinelli Silva,Gabriel Teodoro,207,1.8,0.1,0.4,9,1.8,Arsenal,3,False,49,1,100.0,444145,0,3,0,0,2,0,0,0,0,0,0,0,0,18,18.4,17.8,76.0,11.1,MID
535,Benson,Josh,251,2.0,0.0,0.0,9,1.8,Burnley,90,False,45,0,,217401,0,3,0,0,1,7,0,0,0,0,0,0,0,24,12.0,7.9,13.0,3.3,MID
590,N'Lundulu,Daniel,75,1.8,0.2,0.8,8,1.0,Southampton,20,False,45,0,,200088,0,4,0,0,0,1,0,0,0,0,0,0,0,19,3.0,12.2,14.0,2.9,FWD
428,Snodgrass,Robert,242,1.4,0.2,1.0,8,1.3,West Brom,35,False,56,2,100.0,18987,0,3,0,0,0,9,0,0,0,0,0,0,0,38,26.2,19.5,26.0,7.1,MID
248,Oxlade-Chamberlain,Alex,144,1.3,0.1,0.6,8,1.6,Liverpool,14,False,63,1,100.0,81880,0,3,0,1,0,2,0,0,0,0,0,0,0,25,26.6,28.3,20.0,7.5,MID
256,Origi,Divock,151,1.5,0.2,1.0,8,1.1,Liverpool,14,False,52,2,,152760,0,4,0,0,1,0,0,0,0,0,0,0,0,18,10.8,22.4,58.0,9.1,FWD
264,Williams,Neco,171,2.1,0.0,0.0,8,2.0,Liverpool,14,False,39,0,,215136,0,2,0,0,1,0,0,0,0,1,0,0,0,32,21.2,18.5,20.0,5.8,DEF
519,Dunne,Jimmy,180,2.1,0.0,0.0,8,4.0,Burnley,90,False,38,0,100.0,218023,0,2,1,0,0,5,0,0,0,0,0,0,0,35,66.2,21.2,38.0,12.6,DEF
359,Mousset,Lys,199,1.4,0.1,0.4,8,1.3,Sheffield Utd,49,False,58,0,100.0,178304,0,4,0,0,0,5,0,0,0,0,0,0,0,9,10.8,34.3,45.0,8.9,FWD
190,Kamara,Aboubakar,307,1.7,0.1,0.6,8,0.7,Fulham,54,False,48,0,100.0,197030,0,3,0,0,0,9,0,0,0,1,1,0,0,14,22.6,76.8,39.0,13.2,MID
410,Grosicki,Kamil,147,1.5,0.3,1.4,8,2.7,West Brom,35,False,52,0,100.0,49957,0,3,0,1,0,5,0,0,0,0,0,0,0,29,22.4,35.2,15.0,7.2,MID
511,Lowe,Max,413,1.6,0.0,0.0,7,1.2,Sheffield Utd,49,False,43,0,100.0,155197,0,2,0,0,0,8,0,0,0,1,0,0,0,29,70.6,10.5,33.0,11.4,DEF
59,Pröpper,Davy,195,1.5,0.2,1.0,7,1.4,Brighton,36,False,48,0,100.0,66242,0,3,0,0,0,2,0,0,0,0,0,0,0,28,18.4,4.7,52.0,7.6,MID
125,Cahill,Gary,630,1.6,0.0,0.2,7,1.0,Crystal Palace,31,False,45,0,100.0,19419,0,2,0,0,0,19,0,0,0,0,0,0,0,89,126.6,35.7,36.0,19.9,DEF
111,Palmieri dos Santos,Emerson,88,1.5,0.0,0.0,7,3.5,Chelsea,8,False,47,0,,109533,0,2,0,0,1,0,0,0,0,0,0,0,0,24,17.4,7.7,2.0,2.7,DEF
545,Hoever,Ki-Jana,252,1.6,0.1,0.6,7,1.2,Wolves,39,False,44,2,,441271,0,2,0,0,0,4,0,0,0,1,0,0,0,36,41.0,38.2,8.0,8.8,DEF
573,Olsen,Robin,180,1.6,0.0,0.0,7,3.5,Everton,11,False,45,0,,111782,0,1,0,0,1,2,0,0,0,0,0,4,0,36,35.8,0.0,0.0,3.6,GKP
333,Krafth,Emil,377,1.7,0.0,0.2,7,1.4,Newcastle,4,False,42,0,100.0,111773,0,2,0,1,0,12,0,0,0,1,0,0,0,58,72.0,30.7,6.0,10.8,DEF
20,Willock,Joseph,234,1.5,0.1,0.4,7,1.0,Arsenal,3,False,47,0,,200089,0,3,0,0,0,3,0,0,0,1,0,0,0,18,21.2,29.7,52.0,10.1,MID
55,Stephens,Dale,229,1.6,0.0,0.0,7,1.4,Burnley,90,False,43,0,100.0,40845,0,3,0,0,0,4,0,0,0,0,0,0,0,31,28.8,7.9,41.0,7.8,MID
176,Ream,Tim,450,1.7,0.0,0.0,7,1.4,Fulham,54,False,42,0,,82514,0,2,0,0,0,10,0,0,0,0,0,0,0,78,82.6,4.7,0.0,8.8,DEF
560,Kelleher,Caoimhin,90,1.6,0.0,0.0,7,7.0,Liverpool,14,False,45,0,,200720,1,1,0,0,1,0,0,0,0,0,0,3,0,26,28.2,0.0,0.0,2.8,GKP
408,Robson-Kanu,Hal,194,1.3,0.1,0.4,7,0.9,West Brom,35,False,52,0,100.0,49440,0,4,0,0,0,5,0,0,0,1,0,0,0,0,11.4,11.9,25.0,4.8,FWD
180,Kebano,Neeskens,116,1.3,0.0,0.0,6,1.2,Fulham,54,False,47,0,100.0,92259,0,3,0,0,0,3,0,0,0,0,0,0,0,13,1.4,14.6,47.0,5.9,MID
268,Agüero,Sergio,140,0.6,0.0,0.2,6,1.2,Man City,43,False,103,0,0.0,37572,0,4,0,0,1,2,0,0,0,0,0,0,0,20,7.2,36.9,65.0,10.4,FWD
581,Otasowie,Owen,114,1.3,0.0,0.2,6,1.5,Wolves,39,False,45,0,,250604,0,3,0,1,0,3,0,0,0,1,0,0,0,26,37.2,24.0,12.0,7.3,MID
149,Delph,Fabian,211,1.2,0.0,0.0,6,1.2,Everton,11,False,48,0,0.0,41823,0,3,0,0,0,5,0,0,0,0,0,0,0,38,26.2,18.6,1.0,4.6,MID
523,Forster,Fraser,90,1.5,0.4,1.5,6,6.0,Southampton,20,False,40,0,,40383,0,1,0,0,1,0,0,0,0,0,0,1,0,24,12.2,0.0,0.0,1.2,GKP
112,Arrizabalaga,Kepa,270,1.3,0.0,0.0,6,2.0,Chelsea,8,False,47,0,100.0,109745,0,1,0,0,0,6,0,0,0,0,0,8,0,40,50.8,0.0,0.0,5.0,GKP
430,Randolph,Darren,90,1.4,0.0,0.0,6,6.0,West Ham,21,False,44,0,75.0,32259,0,1,0,0,1,0,0,0,0,0,0,2,0,23,13.6,0.0,0.0,1.4,GKP
414,Hegazy,Ahmed El-Sayed,90,1.5,0.0,0.0,6,6.0,West Brom,35,False,41,0,0.0,77777,0,2,0,0,1,0,0,0,0,0,0,0,0,24,19.6,0.3,0.0,2.0,DEF
379,Smallbone,William,171,1.1,0.1,0.5,5,1.7,Southampton,20,False,44,0,0.0,214466,0,3,0,0,0,5,0,0,0,0,0,0,0,17,16.8,7.4,9.0,3.3,MID
75,Fernandes da Silva Junior,Bernardo,205,1.3,0.1,0.4,5,1.7,Brighton,36,False,39,0,0.0,209362,0,2,0,0,0,3,0,0,0,0,0,0,0,30,27.2,32.4,69.0,12.8,DEF
50,Davis,Keinan,48,1.2,0.0,0.2,5,1.0,Aston Villa,7,False,43,0,100.0,221239,0,4,0,0,0,0,0,0,0,0,0,0,0,15,4.6,15.9,58.0,7.7,FWD
524,Tella,Nathan,155,1.1,0.0,0.2,5,1.0,Southampton,20,False,44,0,75.0,203389,0,3,0,0,0,2,0,0,0,0,0,0,0,8,3.0,2.8,4.0,0.7,MID
421,Edwards,Kyle,114,1.1,0.0,0.0,5,1.0,West Brom,35,False,47,0,,174593,0,3,0,0,0,3,0,0,0,0,0,0,0,15,13.0,12.8,39.0,6.4,MID
415,Austin,Charlie,135,1.0,0.0,0.2,5,1.0,West Brom,35,False,51,0,0.0,78356,0,4,0,0,0,5,0,0,0,0,0,0,0,10,20.0,3.9,26.0,5.0,FWD
564,Alves Morais,Carlos Vinicius,70,0.7,0.1,0.8,5,1.0,Spurs,6,False,69,1,100.0,245824,0,4,0,0,0,0,0,0,0,0,0,0,0,15,16.2,22.0,79.0,11.7,FWD
407,Gibbs,Kieran,810,1.2,0.1,0.6,5,0.5,West Brom,35,False,43,1,100.0,42427,0,2,0,0,0,25,0,0,0,1,1,0,0,107,132.0,65.1,10.0,20.8,DEF
188,Onomah,Josh,143,1.1,0.1,0.4,5,1.2,Fulham,54,False,46,0,100.0,168765,0,3,0,0,0,7,0,0,0,0,0,0,0,12,13.2,7.5,2.0,2.2,MID
160,Kenny,Jonjoe,78,1.2,0.0,0.0,5,1.2,Everton,11,False,43,0,100.0,153673,0,2,0,0,0,1,0,0,0,0,0,0,0,19,11.0,8.1,8.0,2.8,DEF
305,Henderson,Dean,225,1.0,0.0,0.0,5,1.7,Man Utd,1,False,52,0,,172649,0,1,0,0,0,3,0,0,0,1,0,11,0,38,65.2,0.0,0.0,6.5,GKP
394,Alli,Bamidele,74,0.5,0.0,0.0,4,1.0,Spurs,6,False,74,0,75.0,108823,0,3,0,0,0,1,0,0,0,0,0,0,0,13,11.4,14.0,27.0,5.2,MID
127,Sakho,Mamadou,275,0.9,0.0,0.0,4,1.0,Crystal Palace,31,False,44,0,0.0,40784,0,2,0,0,0,8,0,0,0,0,0,0,0,33,36.6,1.6,6.0,4.5,DEF
648,Diagne,Mbaye,45,0.7,0.7,4.0,4,4.0,West Brom,35,False,60,4,,164011,0,4,0,1,0,1,0,0,0,0,0,0,0,17,21.2,24.3,0.0,4.6,FWD
331,Dummett,Paul,151,0.9,0.1,0.3,4,2.0,Newcastle,4,False,44,0,50.0,106618,0,2,0,0,0,2,0,0,0,0,0,0,0,15,13.6,2.1,0.0,1.6,DEF
240,Thomas,Luke,270,1.0,0.0,0.0,4,1.0,Leicester,13,False,42,0,,244619,0,2,0,0,0,4,0,0,0,1,0,0,0,24,35.8,18.5,13.0,6.6,DEF
153,Tosun,Cenk,44,0.7,0.0,0.0,4,0.8,Everton,11,False,60,0,100.0,66838,0,4,0,0,0,3,0,0,0,1,0,0,0,12,2.2,11.6,4.0,1.8,FWD
451,Diop,Issa,297,0.9,0.0,0.0,4,1.0,West Ham,21,False,43,0,100.0,219924,0,2,0,0,0,5,0,0,0,1,0,0,0,40,64.6,1.9,0.0,6.7,DEF
423,Field,Sam,61,0.6,0.0,0.0,3,1.0,West Brom,35,False,48,0,100.0,195864,0,3,0,0,0,2,0,0,0,0,0,0,0,16,20.0,0.5,0.0,2.0,MID
473,Gibbs-White,Morgan,93,0.6,0.1,0.6,3,1.5,Wolves,39,False,49,0,100.0,222531,0,3,0,0,0,1,0,0,0,0,0,0,0,15,11.2,36.8,2.0,5.0,MID
627,Tau,Percy,84,0.6,0.1,0.8,3,1.5,Brighton,36,False,54,0,,230127,0,3,0,0,0,1,0,0,0,0,0,0,0,14,7.6,11.5,6.0,2.5,MID
7,Mustafi,Shkodran,45,0.6,0.0,0.0,3,1.0,Arsenal,3,False,50,0,100.0,69140,0,2,0,0,0,1,0,0,0,0,0,0,0,16,11.6,1.0,0.0,1.3,DEF
216,Morgan,Wes,16,0.7,0.0,0.0,3,1.0,Leicester,13,False,44,0,0.0,15033,0,2,0,0,0,0,0,0,0,0,0,0,0,9,3.0,0.1,0.0,0.3,DEF
594,Williams,Rhys,120,0.8,0.0,0.0,3,1.5,Liverpool,14,False,40,0,100.0,219937,0,2,0,0,0,2,0,0,0,0,0,0,0,17,21.0,15.2,4.0,4.0,DEF
168,Gordon,Anthony,87,0.7,0.0,0.0,3,1.0,Everton,11,False,43,0,,232826,0,3,0,0,0,0,0,0,0,0,0,0,0,11,14.4,12.7,4.0,3.1,MID
378,Valery,Yan,101,0.6,0.2,0.8,3,1.0,Southampton,20,False,47,0,,213482,0,2,0,0,0,4,0,0,0,0,0,0,0,12,26.0,22.1,12.0,6.0,DEF
529,Jagielka,Phil,232,0.8,0.2,0.6,3,0.8,Sheffield Utd,49,False,39,0,100.0,7645,0,2,0,0,0,7,0,0,0,1,0,0,0,29,33.4,1.1,0.0,3.5,DEF
84,Cork,Jack,135,0.6,0.1,0.6,3,1.5,Burnley,90,False,50,2,100.0,40145,0,3,0,0,0,3,0,0,0,0,0,0,0,6,9.8,12.1,2.0,2.4,MID
227,Amartey,Daniel,264,0.8,0.0,0.0,3,0.8,Leicester,13,False,39,0,100.0,155569,0,2,0,0,0,5,0,0,0,1,0,0,0,40,38.0,3.0,6.0,4.7,DEF
354,O'Connell,Jack,180,0.6,0.0,0.0,3,1.5,Sheffield Utd,49,False,47,0,0.0,146610,0,2,0,0,0,3,0,0,0,0,0,0,0,19,40.2,2.5,0.0,4.3,DEF
288,Garcia,Eric,200,0.6,0.0,0.0,3,1.0,Man City,43,False,47,0,100.0,432656,0,2,0,0,0,6,0,0,0,0,0,0,0,35,37.0,22.7,1.0,6.0,DEF
642,Da Silva,Willian José,108,0.4,0.2,1.5,3,1.5,Wolves,39,False,70,2,100.0,73314,0,4,0,0,0,1,0,0,0,0,0,0,0,6,13.0,2.2,60.0,7.5,FWD
21,Nelson,Reiss,70,0.4,0.0,0.0,2,1.0,Arsenal,3,False,51,0,100.0,200641,0,3,0,0,0,0,0,0,0,0,0,0,0,2,4.2,9.7,10.0,2.4,MID
538,Steffen,Zack,90,0.5,0.1,0.3,2,2.0,Man City,43,False,44,0,,164484,0,1,0,0,0,1,0,0,0,0,0,1,0,8,9.6,0.0,0.0,1.0,GKP
56,Button,David,90,0.5,0.1,0.4,2,2.0,West Brom,35,False,40,0,,50093,0,1,0,0,0,2,0,0,0,0,0,4,0,18,23.4,0.0,0.0,2.3,GKP
440,Pereira Gomes,Felipe Anderson,2,0.3,0.0,0.0,2,1.0,West Ham,21,False,61,0,0.0,101537,0,3,0,0,0,0,0,0,0,0,0,0,0,8,2.4,0.4,2.0,0.5,MID
626,Cutrone,Patrick,23,0.3,0.1,0.5,2,1.0,Wolves,39,False,59,0,0.0,209353,0,4,0,0,0,0,0,0,0,0,0,0,0,5,0.0,0.0,4.0,0.2,FWD
194,Casilla Cortés,Francisco,90,0.5,0.1,0.5,2,2.0,Leeds,2,False,42,0,100.0,39790,0,1,0,0,0,1,0,0,0,0,0,1,0,12,8.0,0.0,0.0,0.8,GKP
574,Zeqiri,Andi,63,0.4,0.0,0.2,2,1.0,Brighton,36,False,50,0,,204676,0,4,0,0,0,0,0,0,0,0,0,0,0,3,0.4,5.1,63.0,6.8,FWD
14,Kolasinac,Sead,90,0.4,0.0,0.0,2,2.0,Arsenal,3,False,48,0,0.0,111457,0,2,0,0,0,1,0,0,0,0,0,0,0,9,3.6,5.4,4.0,1.3,DEF
234,Choudhury,Hamza,69,0.4,0.0,0.0,2,0.7,Leicester,13,False,47,0,,197469,0,3,0,0,0,1,0,0,0,1,0,0,0,9,4.2,3.5,2.0,1.0,MID
169,Kean,Moise,13,0.4,0.0,0.0,2,1.0,Everton,11,False,57,0,0.0,242058,0,4,0,0,0,0,0,0,0,0,0,0,0,1,0.0,1.3,11.0,0.9,FWD
214,Davis,Leif,31,0.5,0.0,0.0,2,1.0,Leeds,2,False,39,0,,455084,0,2,0,0,0,0,0,0,0,0,0,0,0,5,2.8,0.6,0.0,0.3,DEF
116,Christensen,Andreas,405,0.4,0.0,0.0,2,0.4,Chelsea,8,False,47,0,100.0,135363,0,2,0,0,0,10,0,0,0,1,1,0,0,53,81.0,4.5,20.0,10.6,DEF
245,San Miguel del Castillo,Adrián,180,0.5,0.0,0.0,2,1.0,Liverpool,14,False,42,0,,60706,0,1,0,0,0,9,0,0,0,0,0,7,0,28,42.2,0.0,0.0,4.2,GKP
124,Gilmour,Billy,34,0.5,0.0,0.2,2,1.0,Chelsea,8,False,44,0,100.0,243568,0,3,0,0,0,0,0,0,0,0,0,0,0,10,12.4,3.0,0.0,1.5,MID
426,Harper,Rekeem,30,0.5,0.0,0.2,2,1.0,West Brom,35,False,43,0,0.0,232427,0,3,0,0,0,2,0,0,0,0,0,0,0,7,6.0,2.3,7.0,1.6,MID
307,Tuanzebe,Axel,131,0.5,0.0,0.2,2,0.4,Man Utd,1,False,42,0,100.0,180804,0,2,0,0,0,3,1,0,0,1,0,0,0,19,33.6,4.0,0.0,3.6,DEF
471,Silva Nascimento Vinagre,Rúben Gonçalo,172,0.2,0.0,0.0,1,0.5,Wolves,39,False,41,0,0.0,216054,0,2,0,0,0,7,0,0,0,0,0,0,0,24,31.2,25.3,0.0,5.7,DEF
525,Odoi,Denis,270,0.2,0.0,0.0,1,0.3,Fulham,54,False,42,0,,72681,0,2,0,0,0,10,0,0,0,1,0,0,0,34,35.4,20.8,8.0,6.4,DEF
226,Barbosa Pereira,Ricardo Domingos,66,0.2,0.0,0.2,1,0.5,Leicester,13,False,59,0,100.0,111931,0,2,0,0,0,2,0,0,0,0,0,0,0,7,14.2,2.2,7.0,2.3,DEF
467,Buur,Oskar,22,0.3,0.0,0.0,1,1.0,Wolves,39,False,39,0,,179456,0,2,0,0,0,0,0,0,0,0,0,0,0,2,0.6,0.5,0.0,0.1,DEF
230,Gray,Demarai,18,0.2,0.0,0.0,1,1.0,Leicester,13,False,51,0,0.0,172632,0,3,0,0,0,0,0,0,0,0,0,0,0,3,0.2,1.3,3.0,0.5,MID
550,Molumby,Jayson,1,0.2,0.0,0.0,1,1.0,Brighton,36,False,45,0,0.0,220738,0,3,0,0,0,0,0,0,0,0,0,0,0,3,0.0,0.0,0.0,0.0,MID
645,Ødegaard,Martin,7,0.2,0.2,1.0,1,1.0,Arsenal,3,False,60,1,,184029,0,3,0,0,0,0,0,0,0,0,0,0,0,2,0.0,0.3,0.0,0.0,MID
186,Rodák,Marek,90,0.2,0.0,0.0,1,1.0,Fulham,54,False,43,0,,155529,0,1,0,0,0,3,0,0,0,0,0,2,0,11,18.2,0.0,0.0,1.8,GKP
630,Khadra,Reda,4,0.2,0.0,0.2,1,1.0,Brighton,36,False,45,0,,465572,0,3,0,0,0,0,0,0,0,0,0,0,0,3,0.0,0.0,2.0,0.2,MID
293,Ighalo,Odion,9,0.2,0.0,0.0,1,1.0,Man Utd,1,False,61,0,0.0,58498,0,4,0,0,0,1,0,0,0,0,0,0,0,1,0.0,0.1,2.0,0.2,FWD
643,Jankewitz,Alexandre,1,0.2,0.1,0.5,1,1.0,Southampton,20,False,45,1,,449781,0,3,0,0,0,0,0,0,0,0,0,0,0,3,4.4,0.3,0.0,0.5,MID
549,Llorente,Diego,90,0.2,0.0,0.2,1,0.5,Leeds,2,False,44,0,0.0,149915,0,2,0,0,0,3,0,0,0,1,0,0,0,14,30.2,0.9,0.0,3.1,DEF
318,Williams,Brandon,6,0.2,0.0,0.0,1,1.0,Man Utd,1,False,42,0,0.0,232937,0,2,0,0,0,0,0,0,0,0,0,0,0,3,0.4,0.3,0.0,0.1,DEF
101,Caballero,Willy,90,0.2,0.0,0.0,1,1.0,Chelsea,8,False,47,0,,20310,0,1,0,0,0,3,0,0,0,0,0,0,0,7,4.2,0.0,0.0,0.4,GKP
613,Mumbongo,Joel,14,0.2,0.0,0.2,1,1.0,Burnley,90,False,45,1,,430367,0,4,0,0,0,1,0,0,0,0,0,0,0,1,0.0,1.2,0.0,0.1,FWD
381,Obafemi,Michael,13,0.2,0.0,0.0,1,1.0,Southampton,20,False,46,0,25.0,220598,0,4,0,0,0,0,0,0,0,0,0,0,0,2,0.4,0.1,0.0,0.1,FWD
602,Anderson,Elliot,3,0.2,0.0,0.2,1,1.0,Newcastle,4,False,45,0,,215379,0,3,0,0,0,0,0,0,0,0,0,0,0,3,0.0,0.3,2.0,0.2,MID
380,Vokins,Jake,66,0.3,0.1,0.2,1,1.0,Southampton,20,False,39,0,0.0,214470,0,2,0,0,0,2,0,0,0,0,0,0,0,5,1.8,14.8,0.0,1.7,DEF
559,Nkounkou,Niels,68,0.2,0.0,0.0,1,1.0,Everton,11,False,40,0,0.0,495542,0,2,0,0,0,1,0,0,0,1,0,0,0,6,13.8,5.3,1.0,2.0,DEF
173,Le Marchand,Maxime,122,0.2,0.0,0.0,1,0.5,Fulham,54,False,41,0,,61739,0,2,0,0,0,1,0,0,0,2,0,0,0,12,12.6,1.6,1.0,1.6,DEF
539,Delap,Liam,39,0.2,0.0,0.0,1,1.0,Man City,43,False,44,0,,463034,0,4,0,0,0,4,0,0,0,0,0,0,0,0,0.0,0.3,4.0,0.2,FWD
82,Bardsley,Phil,270,0.2,0.0,0.0,1,0.3,Burnley,90,False,44,0,100.0,17997,0,2,0,0,0,8,0,0,0,2,0,0,0,24,31.4,12.9,6.0,5.1,DEF
579,Slimani,Islam,19,0.2,0.0,0.0,1,1.0,Leicester,13,False,49,0,0.0,149828,0,4,0,0,0,1,0,0,0,0,0,0,0,3,0.2,11.7,6.0,1.8,FWD
618,Hackford,Antwoine,10,0.2,0.0,0.2,1,1.0,Sheffield Utd,49,False,45,0,,487836,0,4,0,0,0,0,0,0,0,0,0,0,0,3,0.0,0.1,18.0,1.8,FWD
499,Kipre,Cedric,0,0.0,0.0,0.0,0,0.0,West Brom,35,False,43,0,,183015,0,2,0,0,0,0,0,0,0,0,0,0,0,0,0.0,0.0,0.0,0.0,DEF
615,Richards,Lewis,0,0.0,0.0,0.0,0,0.0,Wolves,39,False,40,0,,437688,0,2,0,0,0,0,0,0,0,0,0,0,0,0,0.0,0.0,0.0,0.0,DEF
614,Cundle,Luke,0,0.0,0.0,0.0,0,0.0,Wolves,39,False,45,0,,245923,0,3,0,0,0,0,0,0,0,0,0,0,0,0,0.0,0.0,0.0,0.0,MID
416,Zohore,Kenneth,0,0.0,0.0,0.0,0,0.0,West Brom,35,False,48,0,0.0,82078,0,4,0,0,0,0,0,0,0,0,0,0,0,0,0.0,0.0,0.0,0.0,FWD
611,Perry,Taylor,0,0.0,0.0,0.0,0,0.0,Wolves,39,False,45,0,,232361,0,3,0,0,0,0,0,0,0,0,0,0,0,0,0.0,0.0,0.0,0.0,MID
616,Marques,Christian,0,0.0,0.0,0.0,0,0.0,Wolves,39,False,40,0,,481626,0,2,0,0,0,0,0,0,0,0,0,0,0,0,0.0,0.0,0.0,0.0,DEF
629,Lonwijk,Nigel,0,0.0,0.0,0.0,0,0.0,Wolves,39,False,40,0,,465551,0,2,0,0,0,0,0,0,0,0,0,0,0,0,0.0,0.0,0.0,0.0,DEF
384,Rose,Danny,0,0.0,0.0,0.0,0,0.0,Spurs,6,False,47,0,0.0,38290,0,2,0,0,0,0,0,0,0,0,0,0,0,0,0.0,0.0,0.0,0.0,DEF
610,Corbeanu,Theo,0,0.0,0.0,0.0,0,0.0,Wolves,39,False,45,0,,443296,0,3,0,0,0,0,0,0,0,0,0,0,0,0,0.0,0.0,0.0,0.0,MID
617,Söndergaard,Andreas,0,0.0,0.0,0.0,0,0.0,Wolves,39,False,40,0,,448487,0,1,0,0,0,0,0,0,0,0,0,0,0,0,0.0,0.0,0.0,0.0,GKP
444,Hugill,Jordan,0,0.0,0.0,0.0,0,0.0,West Ham,21,False,55,0,0.0,167522,0,4,0,0,0,0,0,0,0,0,0,0,0,0,0.0,0.0,0.0,0.0,FWD
553,Shabani,Meritan,0,0.0,0.0,0.0,0,0.0,Wolves,39,False,44,0,,225368,0,3,0,0,0,0,0,0,0,0,0,0,0,0,0.0,0.0,0.0,0.0,MID
600,Peltier,Lee,93,0.0,0.0,0.0,0,0.0,West Brom,35,False,40,0,,38716,0,2,0,0,0,5,0,0,0,1,0,0,0,12,17.2,11.1,0.0,2.9,DEF
482,Hart,Joe,0,0.0,0.0,0.0,0,0.0,Spurs,6,False,43,0,100.0,15749,0,1,0,0,0,0,0,0,0,0,0,0,0,0,0.0,0.0,0.0,0.0,GKP
447,Ajeti,Albian,0,0.0,0.0,0.0,0,0.0,West Ham,21,False,55,0,0.0,181008,0,4,0,0,0,0,0,0,0,0,0,0,0,0,0.0,0.0,0.0,0.0,FWD
406,Foyth,Juan,0,0.0,0.0,0.0,0,0.0,Spurs,6,False,43,0,0.0,234908,0,2,0,0,0,0,0,0,0,0,0,0,0,0,0.0,0.0,0.0,0.0,DEF
404,Skipp,Oliver,0,0.0,0.0,0.0,0,0.0,Spurs,6,False,44,0,0.0,209042,0,3,0,0,0,0,0,0,0,0,0,0,0,0,0.0,0.0,0.0,0.0,MID
420,Leko,Jonathan,0,0.0,0.0,0.0,0,0.0,West Brom,35,False,45,0,0.0,173809,0,3,0,0,0,0,0,0,0,0,0,0,0,0,0.0,0.0,0.0,0.0,MID
402,Tanganga,Japhet,0,0.0,0.0,0.0,0,0.0,Spurs,6,False,49,0,100.0,199584,0,2,0,0,0,0,0,0,0,0,0,0,0,0,0.0,0.0,0.0,0.0,DEF
401,Carvalho Fernandes,Gedson,0,0.0,0.0,0.0,0,0.0,Spurs,6,False,47,0,,195774,0,3,0,0,0,0,0,0,0,0,0,0,0,0,0.0,0.0,0.0,0.0,MID
521,Carter-Vickers,Cameron,0,0.0,0.0,0.0,0,0.0,Spurs,6,False,39,0,0.0,168763,0,2,0,0,0,0,0,0,0,0,0,0,0,0,0.0,0.0,0.0,0.0,DEF
399,Sessegnon,Ryan,0,0.0,0.0,0.0,0,0.0,Spurs,6,False,47,0,0.0,184349,0,2,0,0,0,0,0,0,0,0,0,0,0,0,0.0,0.0,0.0,0.0,DEF
434,Wilshere,Jack,0,0.0,0.0,0.0,0,0.0,West Ham,21,False,49,0,0.0,54102,0,3,0,0,0,0,0,0,0,0,0,0,0,0,0.0,0.0,0.0,0.0,MID
637,Alves,Frederik,0,0.0,0.0,0.0,0,0.0,West Ham,21,False,40,0,,486870,0,2,0,0,0,0,0,0,0,0,0,0,0,0,0.0,0.0,0.0,0.0,DEF
638,Odubeko,Ademipo,0,0.0,0.0,0.0,0,0.0,West Ham,21,False,45,0,,461533,0,4,0,0,0,0,0,0,0,0,0,0,0,0,0.0,0.0,0.0,0.0,FWD
433,Jimenez Gago,Roberto,0,0.0,0.0,0.0,0,0.0,West Ham,21,False,45,0,0.0,40694,0,1,0,0,0,0,0,0,0,0,0,0,0,0,0.0,0.0,0.0,0.0,GKP
453,Ruddy,John,0,0.0,0.0,0.0,0,0.0,Wolves,39,False,43,0,,19236,0,1,0,0,0,0,0,0,0,0,0,0,0,0,0.0,0.0,0.0,0.0,GKP
456,Bennett,Ryan,0,0.0,0.0,0.0,0,0.0,Wolves,39,False,44,0,0.0,41727,0,2,0,0,0,0,0,0,0,0,0,0,0,0,0.0,0.0,0.0,0.0,DEF
650,Devine,Alfie,0,0.0,0.0,0.0,0,0.0,Spurs,6,False,45,0,,496179,0,3,0,0,0,0,0,0,0,0,0,0,0,0,0.0,0.0,0.0,0.0,MID
429,Martin,David,0,0.0,0.0,0.0,0,0.0,West Ham,21,False,40,0,,19194,0,1,0,0,0,0,0,0,0,0,0,0,0,0,0.0,0.0,0.0,0.0,GKP
462,Castro Otto,Jonathan,0,0.0,0.0,0.0,0,0.0,Wolves,39,False,54,0,0.0,114128,0,2,0,0,0,0,0,0,0,0,0,0,0,0,0.0,0.0,0.0,0.0,DEF
463,Bonatini,Léo,0,0.0,0.0,0.0,0,0.0,Wolves,39,False,48,0,0.0,141569,0,4,0,0,0,0,0,0,0,0,0,0,0,0,0.0,0.0,0.0,0.0,FWD
393,Gazzaniga,Paulo,0,0.0,0.0,0.0,0,0.0,Spurs,6,False,43,0,,102884,0,1,0,0,0,0,0,0,0,0,0,0,0,0,0.0,0.0,0.0,0.0,GKP
301,Lingard,Jesse,0,0.0,0.0,0.0,0,0.0,West Ham,21,False,59,0,100.0,109322,0,3,0,0,0,0,0,0,0,0,0,0,0,0,0.0,0.0,0.0,0.0,MID
472,Sarkic,Matija,0,0.0,0.0,0.0,0,0.0,Wolves,39,False,44,0,0.0,216208,0,1,0,0,0,0,0,0,0,0,0,0,0,0,0.0,0.0,0.0,0.0,GKP
639,Lonergan,Andy,0,0.0,0.0,0.0,0,0.0,West Brom,35,False,40,0,,11948,0,1,0,0,0,0,0,0,0,0,0,0,0,0,0.0,0.0,0.0,0.0,GKP
475,Cavaco Jordao,Bruno André,0,0.0,0.0,0.0,0,0.0,Wolves,39,False,43,0,0.0,428610,0,3,0,0,0,0,0,0,0,0,0,0,0,0,0.0,0.0,0.0,0.0,MID
635,Tchaptchet,Allan,0,0.0,0.0,0.0,0,0.0,Southampton,20,False,40,0,,447093,0,2,0,0,0,0,0,0,0,0,0,0,0,0,0.0,0.0,0.0,0.0,DEF
476,Campana,Leonardo,0,0.0,0.0,0.0,0,0.0,Wolves,39,False,48,0,,474003,0,4,0,0,0,0,0,0,0,0,0,0,0,0,0.0,0.0,0.0,0.0,FWD
621,Diaby,Cheikh,0,0.0,0.0,0.0,0,0.0,West Brom,35,False,45,0,,505265,0,4,0,0,0,0,0,0,0,0,0,0,0,0,0.0,0.0,0.0,0.0,FWD
636,Watts,Caleb,16,0.0,0.0,0.0,0,0.0,Southampton,20,False,45,0,,456966,0,3,0,0,0,0,0,0,0,1,0,0,0,1,1.2,4.0,0.0,0.5,MID
1,Özil,Mesut,0,0.0,0.0,0.0,0,0.0,Arsenal,3,False,67,0,0.0,37605,0,3,0,0,0,0,0,0,0,0,0,0,0,0,0.0,0.0,0.0,0.0,MID
634,Ferry,Will,0,0.0,0.0,0.0,0,0.0,Southampton,20,False,45,0,,422306,0,3,0,0,0,0,0,0,0,0,0,0,0,0,0.0,0.0,0.0,0.0,MID
593,Ziger,Karlo,0,0.0,0.0,0.0,0,0.0,Chelsea,8,False,40,0,,431019,0,1,0,0,0,0,0,0,0,0,0,0,0,0,0.0,0.0,0.0,0.0,GKP
145,Ferguson,Nathan,0,0.0,0.0,0.0,0,0.0,Crystal Palace,31,False,39,0,0.0,232423,0,2,0,0,0,0,0,0,0,0,0,0,0,0,0.0,0.0,0.0,0.0,DEF
143,Meyer,Max,0,0.0,0.0,0.0,0,0.0,Crystal Palace,31,False,47,0,0.0,141020,0,3,0,0,0,0,0,0,0,0,0,0,0,0,0.0,0.0,0.0,0.0,MID
136,Wickham,Connor,0,0.0,0.0,0.0,0,0.0,Crystal Palace,31,False,44,0,0.0,59125,0,4,0,0,0,0,0,0,0,0,0,0,0,0,0.0,0.0,0.0,0.0,FWD
135,Kelly,Martin,0,0.0,0.0,0.0,0,0.0,Crystal Palace,31,False,41,0,0.0,58786,0,2,0,0,0,0,0,0,0,0,0,0,0,0,0.0,0.0,0.0,0.0,DEF
126,Hennessey,Wayne,0,0.0,0.0,0.0,0,0.0,Crystal Palace,31,False,43,0,0.0,20066,0,1,0,0,0,0,0,0,0,0,0,0,0,0,0.0,0.0,0.0,0.0,GKP
605,Anjorin,Faustino,0,0.0,0.0,0.0,0,0.0,Chelsea,8,False,45,0,,223332,0,3,0,0,0,0,0,0,0,0,0,0,0,0,0.0,0.0,0.0,0.0,MID
121,Tomori,Fikayo,45,0.0,0.0,0.0,0,0.0,Chelsea,8,False,47,0,0.0,194794,0,2,0,0,0,2,0,0,0,0,0,0,0,8,26.6,0.1,0.0,2.7,DEF
625,Lewis,Harry,0,0.0,0.0,0.0,0,0.0,Southampton,20,False,40,0,,198044,0,1,0,0,0,0,0,0,0,0,0,0,0,0,0.0,0.0,0.0,0.0,GKP
612,Mancini,Anthony,0,0.0,0.0,0.0,0,0.0,Burnley,90,False,44,0,,465299,0,3,0,0,0,0,0,0,0,0,0,0,0,0,0.0,0.0,0.0,0.0,MID
592,Richardson,Lewis,0,0.0,0.0,0.0,0,0.0,Burnley,90,False,45,0,,461096,0,4,0,0,0,0,0,0,0,0,0,0,0,0,0.0,0.0,0.0,0.0,FWD
591,Thompson,Max,0,0.0,0.0,0.0,0,0.0,Burnley,90,False,45,0,,461450,0,4,0,0,0,0,0,0,0,0,0,0,0,0,0.0,0.0,0.0,0.0,FWD
583,Norris,Will,0,0.0,0.0,0.0,0,0.0,Burnley,90,False,40,0,,168399,0,1,0,0,0,0,0,0,0,0,0,0,0,0,0.0,0.0,0.0,0.0,GKP
551,Goodridge,Mace,0,0.0,0.0,0.0,0,0.0,Burnley,90,False,45,0,,195064,0,3,0,0,0,0,0,0,0,0,0,0,0,0,0.0,0.0,0.0,0.0,MID
536,Driscoll-Glennon,Anthony,0,0.0,0.0,0.0,0,0.0,Burnley,90,False,40,0,,195471,0,2,0,0,0,0,0,0,0,0,0,0,0,0,0.0,0.0,0.0,0.0,DEF
147,Pierrick,Brandon,0,0.0,0.0,0.0,0,0.0,Crystal Palace,31,False,43,0,,466955,0,3,0,0,0,0,0,0,0,0,0,0,0,0,0.0,0.0,0.0,0.0,MID
522,Woods,Sam,0,0.0,0.0,0.0,0,0.0,Crystal Palace,31,False,40,0,0.0,221272,0,2,0,0,0,0,0,0,0,0,0,0,0,0,0.0,0.0,0.0,0.0,DEF
534,Inniss,Ryan,0,0.0,0.0,0.0,0,0.0,Crystal Palace,31,False,40,0,0.0,114536,0,2,0,0,0,0,0,0,0,0,0,0,0,0,0.0,0.0,0.0,0.0,DEF
578,Henderson,Stephen,0,0.0,0.0,0.0,0,0.0,Crystal Palace,31,False,40,0,,42525,0,1,0,0,0,0,0,0,0,0,0,0,0,0,0.0,0.0,0.0,0.0,GKP
586,Butland,Jack,0,0.0,0.0,0.0,0,0.0,Crystal Palace,31,False,45,0,100.0,105666,0,1,0,0,0,0,0,0,0,0,0,0,0,0,0.0,0.0,0.0,0.0,GKP
641,Mateta,Jean-Philippe,0,0.0,0.0,0.0,0,0.0,Crystal Palace,31,False,60,0,100.0,231747,0,4,0,0,0,0,0,0,0,0,0,0,0,0,0.0,0.0,0.0,0.0,FWD
151,Lössl,Jonas,0,0.0,0.0,0.0,0,0.0,Everton,11,False,43,0,,57513,0,1,0,0,0,0,0,0,0,0,0,0,0,0,0.0,0.0,0.0,0.0,GKP
161,Gbamin,Jean-Philippe,0,0.0,0.0,0.0,0,0.0,Everton,11,False,50,0,0.0,160987,0,3,0,0,0,0,0,0,0,0,0,0,0,0,0.0,0.0,0.0,0.0,MID
167,Virgínia,João,0,0.0,0.0,0.0,0,0.0,Everton,11,False,43,0,,222627,0,1,0,0,0,0,0,0,0,0,0,0,0,0,0.0,0.0,0.0,0.0,GKP
170,Branthwaite,Jarrad,0,0.0,0.0,0.0,0,0.0,Everton,11,False,39,0,0.0,480455,0,2,0,0,0,0,0,0,0,0,0,0,0,0,0.0,0.0,0.0,0.0,DEF
596,Simms,Ellis,0,0.0,0.0,0.0,0,0.0,Everton,11,False,45,0,0.0,218997,0,4,0,0,0,0,0,0,0,0,0,0,0,0,0.0,0.0,0.0,0.0,FWD
644,Onyango,Tyler,0,0.0,0.0,0.0,0,0.0,Everton,11,False,45,0,,461446,0,3,0,0,0,0,0,0,0,0,0,0,0,0,0.0,0.0,0.0,0.0,MID
171,Agosto Ramírez,Fabricio,0,0.0,0.0,0.0,0,0.0,Fulham,54,False,40,0,,40559,0,1,0,0,0,0,0,0,0,0,0,0,0,0,0.0,0.0,0.0,0.0,GKP
172,McDonald,Kevin,0,0.0,0.0,0.0,0,0.0,Fulham,54,False,47,0,0.0,55038,0,3,0,0,0,0,0,0,0,0,0,0,0,0,0.0,0.0,0.0,0.0,MID
174,Johansen,Stefan,0,0.0,0.0,0.0,0,0.0,Fulham,54,False,47,0,0.0,61916,0,3,0,0,0,0,0,0,0,0,0,0,0,0,0.0,0.0,0.0,0.0,MID
177,Knockaert,Anthony,0,0.0,0.0,0.0,0,0.0,Fulham,54,False,50,0,0.0,83543,0,3,0,0,0,0,0,0,0,0,0,0,0,0,0.0,0.0,0.0,0.0,MID
178,Hector,Michael,262,0.0,0.0,0.0,0,0.0,Fulham,54,False,42,0,,84915,0,2,0,0,0,10,0,0,0,2,0,0,0,32,40.8,11.3,18.0,6.9,DEF
520,Thomas,Bobby,0,0.0,0.0,0.0,0,0.0,Burnley,90,False,39,0,0.0,461102,0,2,0,0,0,0,0,0,0,0,0,0,0,0,0.0,0.0,0.0,0.0,DEF
99,Peacock-Farrell,Bailey,90,0.0,0.0,0.0,0,0.0,Burnley,90,False,40,0,100.0,220037,0,1,0,0,0,5,0,0,0,0,0,1,0,9,6.4,0.0,0.0,0.6,GKP
94,Gibson,Ben,0,0.0,0.0,0.0,0,0.0,Burnley,90,False,39,0,0.0,83312,0,2,0,0,0,0,0,0,0,0,0,0,0,0,0.0,0.0,0.0,0.0,DEF
48,Moraes,Wesley,0,0.0,0.0,0.0,0,0.0,Aston Villa,7,False,60,0,0.0,213345,0,4,0,0,0,0,0,0,0,0,0,0,0,0,0.0,0.0,0.0,0.0,FWD
13,Chambers,Calum,0,0.0,0.0,0.0,0,0.0,Arsenal,3,False,45,0,100.0,101184,0,2,0,0,0,0,0,0,0,0,0,0,0,0,0.0,0.0,0.0,0.0,DEF
19,Torreira,Lucas,0,0.0,0.0,0.0,0,0.0,Arsenal,3,False,47,0,0.0,198849,0,3,0,0,0,0,0,0,0,0,0,0,0,0,0.0,0.0,0.0,0.0,MID
25,Guendouzi,Matteo,0,0.0,0.0,0.0,0,0.0,Arsenal,3,False,47,0,0.0,242166,0,3,0,0,0,0,0,0,0,0,0,0,0,0,0.0,0.0,0.0,0.0,MID
27,Saliba,William,0,0.0,0.0,0.0,0,0.0,Arsenal,3,False,40,0,0.0,462424,0,2,0,0,0,0,0,0,0,0,0,0,0,0,0.0,0.0,0.0,0.0,DEF
527,Macey,Matt,0,0.0,0.0,0.0,0,0.0,Arsenal,3,False,40,0,0.0,113534,0,1,0,0,0,0,0,0,0,0,0,0,0,0,0.0,0.0,0.0,0.0,GKP
547,Rúnarsson,Rúnar Alex,0,0.0,0.0,0.0,0,0.0,Arsenal,3,False,45,0,,115918,0,1,0,0,0,0,0,0,0,0,0,0,0,0,0.0,0.0,0.0,0.0,GKP
28,Heaton,Tom,0,0.0,0.0,0.0,0,0.0,Aston Villa,7,False,45,0,100.0,21205,0,1,0,0,0,0,0,0,0,0,0,0,0,0,0.0,0.0,0.0,0.0,GKP
30,Lansbury,Henri,0,0.0,0.0,0.0,0,0.0,Aston Villa,7,False,43,0,0.0,40564,0,3,0,0,0,0,0,0,0,0,0,0,0,0,0.0,0.0,0.0,0.0,MID
32,Steer,Jed,0,0.0,0.0,0.0,0,0.0,Aston Villa,7,False,40,0,,79852,0,1,0,0,0,0,0,0,0,0,0,0,0,0,0.0,0.0,0.0,0.0,GKP
34,Peleteiro Romallo,José Ignacio,0,0.0,0.0,0.0,0,0.0,Aston Villa,7,False,59,0,0.0,89274,0,3,0,0,0,0,0,0,0,0,0,0,0,0,0.0,0.0,0.0,0.0,MID
35,Nyland,Ørjan,0,0.0,0.0,0.0,0,0.0,Aston Villa,7,False,40,0,0.0,98770,0,1,0,0,0,0,0,0,0,0,0,0,0,0,0.0,0.0,0.0,0.0,GKP
36,Engels,Bjorn,0,0.0,0.0,0.0,0,0.0,Aston Villa,7,False,44,0,100.0,108156,0,2,0,0,0,0,0,0,0,0,0,0,0,0,0.0,0.0,0.0,0.0,DEF
43,Bree,James,0,0.0,0.0,0.0,0,0.0,Aston Villa,7,False,45,0,0.0,184386,0,2,0,0,0,0,0,0,0,0,0,0,0,0,0.0,0.0,0.0,0.0,DEF
47,Guilbert,Frédéric,0,0.0,0.0,0.0,0,0.0,Aston Villa,7,False,43,0,0.0,203368,0,2,0,0,0,0,0,0,0,0,0,0,0,0,0.0,0.0,0.0,0.0,DEF
49,Samatta,Mbwana,0,0.0,0.0,0.0,0,0.0,Aston Villa,7,False,59,0,0.0,217487,0,4,0,0,0,0,0,0,0,0,0,0,0,0,0.0,0.0,0.0,0.0,FWD
633,Weir,Jensen,0,0.0,0.0,0.0,0,0.0,Brighton,36,False,45,0,,440241,0,3,0,0,0,0,0,0,0,0,0,0,0,0,0.0,0.0,0.0,0.0,MID
51,Vassilev,Indiana,0,0.0,0.0,0.0,0,0.0,Aston Villa,7,False,43,0,0.0,223349,0,4,0,0,0,0,0,0,0,0,0,0,0,0,0.0,0.0,0.0,0.0,FWD
647,Sanson,Morgan,0,0.0,0.0,0.0,0,0.0,Aston Villa,7,False,55,0,,122775,0,3,0,0,0,0,0,0,0,0,0,0,0,0,0.0,0.0,0.0,0.0,MID
53,Murray,Glenn,0,0.0,0.0,0.0,0,0.0,Brighton,36,False,48,0,0.0,20529,0,4,0,0,0,0,0,0,0,0,0,0,0,0,0.0,0.0,0.0,0.0,FWD
58,Duffy,Shane,0,0.0,0.0,0.0,0,0.0,Brighton,36,False,43,0,0.0,61933,0,2,0,0,0,0,0,0,0,0,0,0,0,0,0.0,0.0,0.0,0.0,DEF
60,Mooy,Aaron,0,0.0,0.0,0.0,0,0.0,Brighton,36,False,50,0,0.0,74471,0,3,0,0,0,0,0,0,0,0,0,0,0,0,0.0,0.0,0.0,0.0,MID
63,Montoya,Martín,0,0.0,0.0,0.0,0,0.0,Brighton,36,False,45,0,0.0,86153,0,2,0,0,0,0,0,0,0,0,0,0,0,0,0.0,0.0,0.0,0.0,DEF
64,Andone,Florin,0,0.0,0.0,0.0,0,0.0,Brighton,36,False,48,0,0.0,93284,0,4,0,0,0,0,0,0,0,0,0,0,0,0,0.0,0.0,0.0,0.0,FWD
72,Izquierdo,José,0,0.0,0.0,0.0,0,0.0,Brighton,36,False,55,0,100.0,167473,0,3,0,0,0,0,0,0,0,0,0,0,0,0,0.0,0.0,0.0,0.0,MID
73,Clarke,Matthew,0,0.0,0.0,0.0,0,0.0,Brighton,36,False,44,0,0.0,178173,0,2,0,0,0,0,0,0,0,0,0,0,0,0,0.0,0.0,0.0,0.0,DEF
503,Walton,Christian,0,0.0,0.0,0.0,0,0.0,Brighton,36,False,40,0,100.0,108813,0,1,0,0,0,0,0,0,0,0,0,0,0,0,0.0,0.0,0.0,0.0,GKP
528,Steele,Jason,0,0.0,0.0,0.0,0,0.0,Brighton,36,False,40,0,,49262,0,1,0,0,0,0,0,0,0,0,0,0,0,0,0.0,0.0,0.0,0.0,GKP
628,Moder,Jakub,0,0.0,0.0,0.0,0,0.0,Brighton,36,False,50,0,100.0,243505,0,3,0,0,0,0,0,0,0,0,0,0,0,0,0.0,0.0,0.0,0.0,MID
631,Jenks,Teddy,0,0.0,0.0,0.0,0,0.0,Brighton,36,False,45,0,,244848,0,3,0,0,0,0,0,0,0,0,0,0,0,0,0.0,0.0,0.0,0.0,MID
632,Sanders,Max,0,0.0,0.0,0.0,0,0.0,Brighton,36,False,45,0,,215062,0,3,0,0,0,0,0,0,0,0,0,0,0,0,0.0,0.0,0.0,0.0,MID
179,Christie,Cyrus,0,0.0,0.0,0.0,0,0.0,Fulham,54,False,42,0,0.0,87107,0,2,0,0,0,0,0,0,0,0,0,0,0,0,0.0,0.0,0.0,0.0,DEF
183,Bettinelli,Marcus,0,0.0,0.0,0.0,0,0.0,Fulham,54,False,43,0,0.0,122074,0,1,0,0,0,0,0,0,0,0,0,0,0,0,0.0,0.0,0.0,0.0,GKP
185,Mawson,Alfie,0,0.0,0.0,0.0,0,0.0,Fulham,54,False,43,0,0.0,149266,0,2,0,0,0,0,0,0,0,0,0,0,0,0,0.0,0.0,0.0,0.0,DEF
317,Garner,James,0,0.0,0.0,0.0,0,0.0,Man Utd,1,False,44,0,0.0,232928,0,3,0,0,0,0,0,0,0,0,0,0,0,0,0.0,0.0,0.0,0.0,MID
327,Lejeune,Florian,0,0.0,0.0,0.0,0,0.0,Newcastle,4,False,43,0,0.0,77359,0,2,0,0,0,0,0,0,0,0,0,0,0,0,0.0,0.0,0.0,0.0,DEF
326,Dubravka,Martin,0,0.0,0.0,0.0,0,0.0,Newcastle,4,False,48,0,100.0,67089,0,1,0,0,0,0,0,0,0,0,0,0,0,0,0.0,0.0,0.0,0.0,GKP
640,Diallo,Amad,0,0.0,0.0,0.0,0,0.0,Man Utd,1,False,55,0,,493250,0,3,0,0,0,0,0,0,0,0,0,0,0,0,0.0,0.0,0.0,0.0,MID
604,Grant,Lee,0,0.0,0.0,0.0,0,0.0,Man Utd,1,False,40,0,,6744,0,1,0,0,0,0,0,0,0,0,0,0,0,0,0.0,0.0,0.0,0.0,GKP
575,Pellistri,Facundo,0,0.0,0.0,0.0,0,0.0,Man Utd,1,False,52,0,0.0,488404,0,3,0,0,0,0,0,0,0,0,0,0,0,0,0.0,0.0,0.0,0.0,MID
319,Mengi,Teden,0,0.0,0.0,0.0,0,0.0,Man Utd,1,False,39,0,,244856,0,2,0,0,0,0,0,0,0,0,0,0,0,0,0.0,0.0,0.0,0.0,DEF
316,Chong,Tahith,0,0.0,0.0,0.0,0,0.0,Man Utd,1,False,44,0,0.0,222677,0,3,0,0,0,0,0,0,0,0,0,0,0,0,0.0,0.0,0.0,0.0,MID
189,Seri,Jean Michaël,0,0.0,0.0,0.0,0,0.0,Fulham,54,False,46,0,0.0,170271,0,3,0,0,0,0,0,0,0,0,0,0,0,0,0.0,0.0,0.0,0.0,MID
314,Dalot Teixeira,José Diogo,0,0.0,0.0,0.0,0,0.0,Man Utd,1,False,48,0,0.0,216051,0,2,0,0,0,0,0,0,0,0,0,0,0,0,0.0,0.0,0.0,0.0,DEF
312,Fosu-Mensah,Timothy,80,0.0,0.0,0.0,0,0.0,Man Utd,1,False,43,0,0.0,201084,0,2,0,0,0,2,0,0,0,1,0,0,0,17,17.8,30.5,16.0,6.4,DEF
304,Pereira,Andreas,0,0.0,0.0,0.0,0,0.0,Man Utd,1,False,48,0,0.0,156689,0,3,0,0,0,0,0,0,0,0,0,0,0,0,0.0,0.0,0.0,0.0,MID
297,Jones,Phil,0,0.0,0.0,0.0,0,0.0,Man Utd,1,False,48,0,0.0,76359,0,2,0,0,0,0,0,0,0,0,0,0,0,0,0.0,0.0,0.0,0.0,DEF
294,Rojo,Marcos,0,0.0,0.0,0.0,0,0.0,Man Utd,1,False,48,0,0.0,58893,0,2,0,0,0,0,0,0,0,0,0,0,0,0,0.0,0.0,0.0,0.0,DEF
292,Smalling,Chris,0,0.0,0.0,0.0,0,0.0,Man Utd,1,False,49,0,0.0,55909,0,2,0,0,0,0,0,0,0,0,0,0,0,0,0.0,0.0,0.0,0.0,DEF
330,Atsu,Christian,0,0.0,0.0,0.0,0,0.0,Newcastle,4,False,52,0,0.0,104953,0,3,0,0,0,0,0,0,0,0,0,0,0,0,0.0,0.0,0.0,0.0,MID
337,Aarons,Rolando,0,0.0,0.0,0.0,0,0.0,Newcastle,4,False,48,0,0.0,155513,0,3,0,0,0,0,0,0,0,0,0,0,0,0,0.0,0.0,0.0,0.0,MID
341,Muto,Yoshinori,0,0.0,0.0,0.0,0,0.0,Newcastle,4,False,48,0,0.0,196118,0,4,0,0,0,0,0,0,0,0,0,0,0,0,0.0,0.0,0.0,0.0,FWD
342,Watts,Kelland,0,0.0,0.0,0.0,0,0.0,Newcastle,4,False,39,0,0.0,232977,0,2,0,0,0,0,0,0,0,0,0,0,0,0,0.0,0.0,0.0,0.0,DEF
488,Gillespie,Mark,0,0.0,0.0,0.0,0,0.0,Newcastle,4,False,43,0,,81441,0,1,0,0,0,0,0,0,0,0,0,0,0,0,0.0,0.0,0.0,0.0,GKP
606,Langley,Daniel,0,0.0,0.0,0.0,0,0.0,Newcastle,4,False,40,0,,432927,0,1,0,0,0,0,0,0,0,0,0,0,0,0,0.0,0.0,0.0,0.0,GKP
348,Moore,Simon,0,0.0,0.0,0.0,0,0.0,Sheffield Utd,49,False,43,0,0.0,74854,0,1,0,0,0,0,0,0,0,0,0,0,0,0,0.0,0.0,0.0,0.0,GKP
350,Foderingham,Wes,0,0.0,0.0,0.0,0,0.0,Sheffield Utd,49,False,43,0,,82143,0,1,0,0,0,0,0,0,0,0,0,0,0,0,0.0,0.0,0.0,0.0,GKP
477,Freeman,Luke,0,0.0,0.0,0.0,0,0.0,Sheffield Utd,49,False,50,0,0.0,49083,0,3,0,0,0,0,0,0,0,0,0,0,0,0,0.0,0.0,0.0,0.0,MID
580,Verrips,Michael,0,0.0,0.0,0.0,0,0.0,Sheffield Utd,49,False,40,0,,194126,0,1,0,0,0,0,0,0,0,0,0,0,0,0,0.0,0.0,0.0,0.0,GKP
646,Gordon,Kyron,0,0.0,0.0,0.0,0,0.0,Sheffield Utd,49,False,40,0,,478449,0,2,0,0,0,0,0,0,0,0,0,0,0,0,0.0,0.0,0.0,0.0,DEF
371,Gunn,Angus,0,0.0,0.0,0.0,0,0.0,Southampton,20,False,43,0,0.0,107265,0,1,0,0,0,0,0,0,0,0,0,0,0,0,0.0,0.0,0.0,0.0,GKP
372,Boufal,Sofiane,0,0.0,0.0,0.0,0,0.0,Southampton,20,False,54,0,0.0,128198,0,3,0,0,0,0,0,0,0,0,0,0,0,0,0.0,0.0,0.0,0.0,MID
374,Sims,Josh,0,0.0,0.0,0.0,0,0.0,Southampton,20,False,43,0,0.0,153379,0,3,0,0,0,0,0,0,0,0,0,0,0,0,0.0,0.0,0.0,0.0,MID
479,Salisu,Mohammed,0,0.0,0.0,0.0,0,0.0,Southampton,20,False,43,0,0.0,450527,0,2,0,0,0,0,0,0,0,0,0,0,0,0,0.0,0.0,0.0,0.0,DEF
598,Ramsay,Kayne,0,0.0,0.0,0.0,0,0.0,Southampton,20,False,40,0,,232797,0,2,0,0,0,0,0,0,0,0,0,0,0,0,0.0,0.0,0.0,0.0,DEF
624,Chauke,Kgaogelo,0,0.0,0.0,0.0,0,0.0,Southampton,20,False,45,0,,445896,0,3,0,0,0,0,0,0,0,0,0,0,0,0,0.0,0.0,0.0,0.0,MID
289,Romero,Sergio,0,0.0,0.0,0.0,0,0.0,Man Utd,1,False,49,0,0.0,42899,0,1,0,0,0,0,0,0,0,0,0,0,0,0,0.0,0.0,0.0,0.0,GKP
623,Harwood-Bellis,Taylor,0,0.0,0.0,0.0,0,0.0,Man City,43,False,40,0,,245719,0,2,0,0,0,0,0,0,0,0,0,0,0,0,0.0,0.0,0.0,0.0,DEF
622,Mbete,Luke,0,0.0,0.0,0.0,0,0.0,Man City,43,False,40,0,,439510,0,2,0,0,0,0,0,0,0,0,0,0,0,0,0.0,0.0,0.0,0.0,DEF
609,Nmecha,Felix,0,0.0,0.0,0.0,0,0.0,Man City,43,False,45,0,,219265,0,3,0,0,0,0,0,0,0,0,0,0,0,0,0.0,0.0,0.0,0.0,MID
192,Sessegnon,Zeze Steven,0,0.0,0.0,0.0,0,0.0,Fulham,54,False,43,0,0.0,208998,0,2,0,0,0,0,0,0,0,0,0,0,0,0,0.0,0.0,0.0,0.0,DEF
585,Kongolo,Terence,0,0.0,0.0,0.0,0,0.0,Fulham,54,False,43,0,0.0,109434,0,2,0,0,0,0,0,0,0,0,0,0,0,0,0.0,0.0,0.0,0.0,DEF
220,Silva,Adrien,0,0.0,0.0,0.0,0,0.0,Leicester,13,False,44,0,0.0,46483,0,3,0,0,0,0,0,0,0,0,0,0,0,0,0.0,0.0,0.0,0.0,MID
222,James,Matty,0,0.0,0.0,0.0,0,0.0,Leicester,13,False,43,0,0.0,61604,0,3,0,0,0,0,0,0,0,0,0,0,0,0,0.0,0.0,0.0,0.0,MID
223,Ward,Danny,0,0.0,0.0,0.0,0,0.0,Leicester,13,False,43,0,,95463,0,1,0,0,0,0,0,0,0,0,0,0,0,0,0.0,0.0,0.0,0.0,GKP
237,Benkovic,Filip,0,0.0,0.0,0.0,0,0.0,Leicester,13,False,43,0,0.0,213405,0,2,0,0,0,0,0,0,0,0,0,0,0,0,0.0,0.0,0.0,0.0,DEF
196,Douglas,Barry,0,0.0,0.0,0.0,0,0.0,Leeds,2,False,38,0,0.0,57913,0,2,0,0,0,0,0,0,0,0,0,0,0,0,0.0,0.0,0.0,0.0,DEF
199,Forshaw,Adam,0,0.0,0.0,0.0,0,0.0,Leeds,2,False,48,0,0.0,80179,0,3,0,0,0,0,0,0,0,0,0,0,0,0,0.0,0.0,0.0,0.0,MID
207,Grot,Jay-Roy,0,0.0,0.0,0.0,0,0.0,Leeds,2,False,47,0,0.0,204642,0,3,0,0,0,0,0,0,0,0,0,0,0,0,0.0,0.0,0.0,0.0,MID
208,Miazek,Kamil,0,0.0,0.0,0.0,0,0.0,Leeds,2,False,40,0,0.0,214987,0,1,0,0,0,0,0,0,0,0,0,0,0,0,0.0,0.0,0.0,0.0,GKP
212,Stevens,Jordan,0,0.0,0.0,0.0,0,0.0,Leeds,2,False,43,0,0.0,434138,0,3,0,0,0,0,0,0,0,0,0,0,0,0,0.0,0.0,0.0,0.0,MID
215,Casey,Oliver,0,0.0,0.0,0.0,0,0.0,Leeds,2,False,39,0,,467114,0,2,0,0,0,0,0,0,0,0,0,0,0,0,0.0,0.0,0.0,0.0,DEF
532,Caprile,Elia,0,0.0,0.0,0.0,0,0.0,Leeds,2,False,40,0,,463912,0,1,0,0,0,0,0,0,0,0,0,0,0,0,0.0,0.0,0.0,0.0,GKP
533,Bogusz,Mateusz,0,0.0,0.0,0.0,0,0.0,Leeds,2,False,43,0,0.0,480216,0,3,0,0,0,0,0,0,0,0,0,0,0,0,0.0,0.0,0.0,0.0,MID
599,Jenkins,Jack,0,0.0,0.0,0.0,0,0.0,Leeds,2,False,45,0,,492374,0,3,0,0,0,0,0,0,0,0,0,0,0,0,0.0,0.0,0.0,0.0,MID
619,Huggins,Niall,0,0.0,0.0,0.0,0,0.0,Leeds,2,False,45,0,,492066,0,4,0,0,0,0,0,0,0,0,0,0,0,0,0.0,0.0,0.0,0.0,FWD
267,Bravo,Claudio,0,0.0,0.0,0.0,0,0.0,Man City,43,False,45,0,0.0,33148,0,1,0,0,0,0,0,0,0,0,0,0,0,0,0.0,0.0,0.0,0.0,GKP
608,Carson,Scott,0,0.0,0.0,0.0,0,0.0,Man City,43,False,40,0,75.0,17601,0,1,0,0,0,0,0,0,0,0,0,0,0,0,0.0,0.0,0.0,0.0,GKP
595,Trafford,James,0,0.0,0.0,0.0,0,0.0,Man City,43,False,40,0,,432720,0,1,0,0,0,0,0,0,0,0,0,0,0,0,0.0,0.0,0.0,0.0,GKP
552,Palmer,Cole,0,0.0,0.0,0.0,0,0.0,Man City,43,False,44,0,25.0,244851,0,3,0,0,0,0,0,0,0,0,0,0,0,0,0.0,0.0,0.0,0.0,MID
537,Bernabé,Adrián,0,0.0,0.0,0.0,0,0.0,Man City,43,False,45,0,100.0,449926,0,3,0,0,0,0,0,0,0,0,0,0,0,0,0.0,0.0,0.0,0.0,MID
285,Doyle,Tommy,0,0.0,0.0,0.0,0,0.0,Man City,43,False,44,0,100.0,220394,0,3,0,0,0,0,0,0,0,0,0,0,0,0,0.0,0.0,0.0,0.0,MID
269,Otamendi,Nicolás,0,0.0,0.0,0.0,0,0.0,Man City,43,False,49,0,0.0,57410,0,2,0,0,0,0,0,0,0,0,0,0,0,0,0.0,0.0,0.0,0.0,DEF
607,Cain,Jake,0,0.0,0.0,0.0,0,0.0,Liverpool,14,False,45,0,,243343,0,3,0,0,0,0,0,0,0,0,0,0,0,0,0.0,0.0,0.0,0.0,MID
620,Cresswell,Charlie,0,0.0,0.0,0.0,0,0.0,Leeds,2,False,40,0,,492373,0,2,0,0,0,0,0,0,0,0,0,0,0,0,0.0,0.0,0.0,0.0,DEF
601,Clarkson,Leighton,0,0.0,0.0,0.0,0,0.0,Liverpool,14,False,45,0,,233489,0,3,0,0,0,0,0,0,0,0,0,0,0,0,0.0,0.0,0.0,0.0,MID
265,Elliott,Harvey,0,0.0,0.0,0.0,0,0.0,Liverpool,14,False,43,0,0.0,444884,0,3,0,0,0,0,0,0,0,0,0,0,0,0,0.0,0.0,0.0,0.0,MID
257,Wilson,Harry,0,0.0,0.0,0.0,0,0.0,Liverpool,14,False,51,0,0.0,153682,0,3,0,0,0,0,0,0,0,0,0,0,0,0,0.0,0.0,0.0,0.0,MID
2,Papastathopoulos,Sokratis,0,0.0,0.0,0.0,0,0.0,Arsenal,3,False,48,0,0.0,39476,0,2,0,0,0,0,0,0,0,0,0,0,0,0,0.0,0.0,0.0,0.0,DEF
242,Tsimikas,Konstantinos,0,0.0,0.0,0.0,0,0.0,Liverpool,14,False,49,0,100.0,214285,0,2,0,0,0,0,0,0,0,0,0,0,0,0,0.0,0.0,0.0,0.0,DEF
649,Bueno,Hugo,0,0.0,0.0,0.0,0,0.0,Wolves,39,False,40,0,,490721,0,2,0,0,0,0,0,0,0,0,0,0,0,0,0.0,0.0,0.0,0.0,DEF
31,Taylor,Neil,15,-0.2,0.0,-0.2,-1,-1.0,Aston Villa,7,False,42,0,,47390,0,2,0,0,0,2,0,0,0,1,0,0,0,1,0.8,0.7,0.0,0.2,DEF
